row,x_value,y_value,is_error,x_bin,y_bin
1,8.8,0.27,False,0,2
2,12.0,0.27,False,3,2
3,11.0,0.31,True,2,2
4,10.4,0.25,False,2,1
5,9.0,0.12,False,0,0
6,10.2,0.27,False,1,2
7,9.8,0.45,False,1,3
8,9.8,0.19,False,1,0
9,10.2,0.38,False,1,3
10,12.7,0.18,True,3,0
11,12.0,0.32,True,3,2
12,10.6,0.22,False,2,1
13,8.7,0.44,False,0,3
14,9.0,0.27,False,0,2
15,10.1,0.36,False,1,3
16,9.1,0.23,False,0,1
17,11.8,0.14,False,3,0
18,9.7,0.16,False,1,0
19,9.0,0.425,False,0,3
20,10.8,0.19,True,2,0
21,10.4,0.18,False,2,0
22,9.1,0.22,False,0,1
23,10.0,0.42,False,1,3
24,11.0,0.19,False,2,0
25,9.3,0.26,False,0,1
26,11.0,0.3,False,2,2
27,8.9,0.28,False,0,2
28,8.8,0.32,False,0,2
29,10.5,0.245,False,2,1
30,11.1,0.25,True,2,1
31,9.1,0.685,False,0,3
32,9.5,0.27,False,1,2
33,9.6,0.52,False,1,3
34,11.1,0.26,True,2,1
35,9.6,0.25,False,1,1
36,10.9,0.19,False,2,0
37,11.4,0.36,False,3,3
38,8.9,0.29,False,0,2
39,9.7,0.58,False,1,3
40,9.7,0.585,False,1,3
41,9.7,0.59,False,1,3
42,9.7,0.28,False,1,2
43,9.0,0.23,True,0,1
44,9.4,0.39,False,0,3
45,9.9,0.43,False,1,3
46,10.4,0.31,False,2,2
47,11.5,0.3,True,3,2
48,11.8,0.23,False,3,1
49,10.8,0.26,False,2,1
50,11.2,0.23,False,2,1
51,10.4,0.26,False,2,1
52,10.0,0.24,False,1,1
53,9.1,0.26,False,0,1
54,11.4,0.12,False,3,0
55,9.0,0.22,False,0,1
56,9.5,0.36,False,1,3
57,10.2,0.24,False,1,1
58,11.4,0.16,True,3,0
59,11.6,0.39,False,3,3
60,9.2,0.35,False,0,3
61,11.4,0.2,False,3,0
62,8.7,0.27,False,0,2
63,10.3,0.14,False,1,0
64,9.4,0.29,False,0,2
65,9.1,0.21,False,0,1
66,9.3,0.31,False,0,2
67,10.4,0.38,False,2,3
68,12.4,0.28,False,3,2
69,10.0,0.38,False,1,3
70,12.5,0.24,False,3,1
71,9.2,0.55,False,0,3
72,9.2,0.47,False,0,3
73,11.4,0.19,False,3,0
74,8.6,0.4,False,0,3
75,8.8,0.51,False,0,3
76,11.2,0.36,False,2,3
77,9.1,0.18,False,0,0
78,10.8,0.13,False,2,0
79,9.2,0.32,False,0,2
80,9.7,0.1,False,1,0
81,8.7,0.46,False,0,3
82,10.0,0.16,False,1,0
83,11.8,0.22,False,3,1
84,12.1,0.28,True,3,2
85,9.4,0.35,False,0,3
86,9.8,0.26,False,1,1
87,10.2,0.22,False,1,1
88,9.4,0.18,False,0,0
89,10.8,0.28,False,2,2
90,9.1,0.31,False,0,2
91,10.8,0.45,False,2,3
92,10.5,0.27,True,2,2
93,10.8,0.29,False,2,2
94,11.5,0.19,True,3,0
95,9.5,0.28,False,1,2
96,11.1,0.24,False,2,1
97,9.3,0.36,False,0,3
98,9.4,0.32,False,0,2
99,8.8,0.23,False,0,1
100,10.9,0.17,False,2,0
101,10.8,0.14,False,2,0
102,10.8,0.17,True,2,0
103,10.3,0.335,False,1,3
104,10.0,0.32,False,1,2
105,11.3,0.27,False,2,2
106,9.4,0.28,False,0,2
107,9.6,0.17,False,1,0
108,9.3,0.42,False,0,3
109,9.1,0.28,False,0,2
110,9.8,0.36,False,1,3
111,9.5,0.34,False,1,3
112,9.4,0.31,False,0,2
113,10.0,0.2,False,1,0
114,9.5,0.25,False,1,1
115,10.0,0.31,False,1,2
116,8.9,0.29,False,0,2
117,12.4,0.33,True,3,3
118,9.1,0.35,False,0,3
119,9.8,0.12,True,1,0
120,11.0,0.14,False,2,0
121,11.2,0.395,False,2,3
122,9.6,0.24,False,1,1
123,11.1,0.18,False,2,0
124,8.9,0.27,False,0,2
125,9.3,0.28,False,0,2
126,9.8,0.32,False,1,2
127,9.1,0.35,True,0,3
128,9.5,0.26,False,1,1
129,9.2,0.655,False,0,3
130,10.2,0.25,False,1,1
131,10.5,0.205,False,2,0
132,11.9,0.25,True,3,1
133,10.3,0.2,True,1,0
134,9.4,0.3,False,0,2
135,10.4,0.27,True,2,2
136,9.1,0.25,True,0,1
137,8.5,0.18,True,0,0
138,10.1,0.24,False,1,1
139,10.1,0.15,False,1,0
140,12.2,0.34,False,3,3
141,11.0,0.26,True,2,1
142,9.4,0.26,False,0,1
143,12.2,0.31,True,3,2
144,10.5,0.29,False,2,2
145,9.3,0.595,False,0,3
146,9.5,0.25,True,1,1
147,10.0,0.25,False,1,1
148,11.9,0.17,True,3,0
149,10.0,0.35,False,1,3
150,9.7,0.34,False,1,3
151,8.7,0.18,True,0,0
152,10.2,0.15,True,1,0
153,9.6,0.345,False,1,3
154,9.5,0.345,False,1,3
155,12.3,0.42,False,3,3
156,11.6,0.19,False,3,0
157,11.5,0.23,False,3,1
158,9.6,0.34,False,1,3
159,12.0,0.08,False,3,0
160,11.7,0.13,False,3,0
161,8.6,0.14,False,0,0
162,10.1,0.24,False,1,1
163,10.4,0.26,False,2,1
164,9.5,0.24,False,1,1
165,9.2,0.24,False,0,1
166,10.1,0.21,True,1,1
167,9.4,0.28,False,0,2
168,10.4,0.24,True,2,1
169,10.2,0.39,False,1,3
170,11.1,0.19,True,2,0
171,9.5,0.55,False,1,3
172,9.7,0.47,False,1,3
173,8.8,0.33,False,0,3
174,9.0,0.24,False,0,1
175,10.0,0.26,False,1,1
176,11.1,0.19,True,2,0
177,10.1,0.28,False,1,2
178,10.0,0.26,False,1,1
179,11.2,0.24,True,2,1
180,10.6,0.17,True,2,0
181,9.3,0.21,False,0,1
182,11.0,0.24,False,2,1
183,10.2,0.28,False,1,2
184,11.5,0.32,False,3,2
185,12.6,0.29,True,3,2
186,10.5,0.415,False,2,3
187,9.0,0.5,False,0,3
188,10.1,0.4,False,1,3
189,10.8,0.36,False,2,3
190,10.0,0.22,False,1,1
191,10.8,0.17,False,2,0
192,10.4,0.24,False,2,1
193,11.0,0.2,False,2,0
194,12.8,0.21,False,3,1
195,10.0,0.26,False,1,1
196,8.9,0.41,False,0,3
197,9.1,0.22,True,0,1
198,9.6,0.37,False,1,3
199,10.7,0.33,False,2,3
200,10.8,0.24,False,2,1
201,10.6,0.28,False,2,2
202,10.9,0.24,False,2,1
203,13.5,0.44,False,3,3
204,10.4,0.57,False,2,3
205,9.4,0.18,False,0,0
206,9.5,0.29,False,1,2
207,9.4,0.31,False,0,2
208,10.9,0.5,False,2,3
209,12.5,0.16,False,3,0
210,11.4,0.16,True,3,0
211,9.3,0.59,False,0,3
212,10.7,0.14,True,2,0
213,9.5,0.14,False,1,0
214,10.7,0.23,False,2,1
215,11.2,0.255,False,2,1
216,10.3,0.15,False,1,0
217,12.6,0.21,False,3,1
218,11.2,0.29,True,2,2
219,10.0,0.18,False,1,0
220,12.2,0.23,True,3,1
221,12.7,0.39,False,3,3
222,10.4,0.35,False,2,3
223,11.4,0.19,False,3,0
224,9.5,0.32,False,1,2
225,11.4,0.27,False,3,2
226,9.1,0.56,False,0,3
227,13.4,0.42,True,3,3
228,10.0,0.19,False,1,0
229,12.2,0.16,False,3,0
230,8.9,0.25,True,0,1
231,11.6,0.26,False,3,1
232,10.0,0.23,False,1,1
233,10.8,0.14,True,2,0
234,10.1,0.28,False,1,2
235,10.0,0.25,False,1,1
236,12.7,0.22,False,3,1
237,12.1,0.36,True,3,3
238,8.9,0.25,False,0,1
239,11.3,0.43,False,2,3
240,12.2,0.22,True,3,1
241,10.6,0.11,False,2,0
242,9.3,0.16,False,0,0
243,12.3,0.29,False,3,2
244,13.0,0.51,False,3,3
245,11.2,0.3,True,2,2
246,9.0,0.18,False,0,0
247,10.3,0.15,False,1,0
248,9.9,0.13,False,1,0
249,10.6,0.16,False,2,0
250,10.6,0.12,False,2,0
251,12.8,0.36,True,3,3
252,10.6,0.18,False,2,0
253,10.5,0.35,False,2,3
254,12.8,0.3,True,3,2
255,9.7,0.3,False,1,2
256,10.3,0.22,False,1,1
257,10.1,0.18,False,1,0
258,9.5,0.31,False,1,2
259,8.7,0.3,False,0,2
260,10.7,0.21,False,2,1
261,10.5,0.16,False,2,0
262,11.4,0.33,False,3,3
263,10.7,0.34,False,2,3
264,8.6,0.27,False,0,2
265,10.0,0.2,True,1,0
266,10.8,0.29,False,2,2
267,9.2,0.2,False,0,0
268,11.4,0.25,False,3,1
269,9.7,0.12,False,1,0
270,9.1,0.19,True,0,0
271,8.8,0.33,False,0,3
272,9.0,0.46,False,0,3
273,9.4,0.27,False,0,2
274,11.8,0.39,False,3,3
275,11.1,0.23,False,2,1
276,10.4,0.3,False,2,2
277,10.1,0.35,False,1,3
278,9.0,0.32,False,0,2
279,9.1,0.26,True,0,1
280,9.2,0.12,False,0,0
281,11.6,0.26,False,3,1
282,10.2,0.26,False,1,1
283,11.3,0.25,True,2,1
284,10.6,0.61,False,2,3
285,10.0,0.18,False,1,0
286,10.1,0.34,False,1,3
287,9.4,0.23,False,0,1
288,9.3,0.17,False,0,0
289,12.9,0.38,True,3,3
290,9.7,0.25,False,1,1
291,9.9,0.22,False,1,1
292,10.9,0.27,False,2,2
293,11.1,0.16,False,2,0
294,10.9,0.4,False,2,3
295,11.0,0.15,True,2,0
296,9.3,0.33,False,0,3
297,8.7,0.23,False,0,1
298,9.4,0.33,False,0,3
299,9.9,0.36,False,1,3
300,12.0,0.3,False,3,2
301,13.0,0.33,True,3,3
302,11.3,0.44,True,2,3
303,12.0,0.49,True,3,3
304,10.6,0.21,False,2,1
305,11.0,0.24,True,2,1
306,11.4,0.24,False,3,1
307,10.5,0.25,False,2,1
308,8.9,0.33,False,0,3
309,9.2,0.2,False,0,0
310,9.0,0.53,False,0,3
311,9.1,0.33,False,0,3
312,10.4,0.34,False,2,3
313,12.5,0.36,False,3,3
314,9.2,0.25,False,0,1
315,9.9,0.18,False,1,0
316,9.0,0.22,False,0,1
317,10.4,0.37,False,2,3
318,10.5,0.25,False,2,1
319,10.3,0.28,False,1,2
320,9.5,0.25,False,1,1
321,9.0,0.22,False,0,1
322,8.7,0.32,False,0,2
323,9.5,0.21,False,1,1
324,11.7,0.41,True,3,3
325,9.5,0.27,False,1,2
326,10.2,0.28,False,1,2
327,9.1,0.2,False,0,0
328,9.1,0.19,False,0,0
329,9.5,0.22,False,1,1
330,9.6,0.12,False,1,0
331,11.0,0.25,False,2,1
332,12.5,0.41,False,3,3
333,10.1,0.21,False,1,1
334,9.2,0.34,False,0,3
335,11.0,0.42,False,2,3
336,9.0,0.14,False,0,0
337,8.7,0.21,False,0,1
338,10.6,0.29,False,2,2
339,9.5,0.22,False,1,1
340,11.0,0.32,False,2,2
341,12.1,0.33,True,3,3
342,9.5,0.23,False,1,1
343,9.6,0.36,False,1,3
344,9.2,0.76,False,0,3
345,9.1,0.18,False,0,0
346,12.4,0.28,False,3,2
347,9.0,0.24,False,0,1
348,9.5,0.23,False,1,1
349,9.9,0.33,False,1,3
350,11.7,0.28,False,3,2
351,11.9,0.24,False,3,1
352,9.6,0.28,False,1,2
353,11.5,0.14,True,3,0
354,10.2,0.21,False,1,1
355,10.6,0.29,False,2,2
356,12.2,0.24,True,3,1
357,11.7,0.28,False,3,2
358,12.2,0.24,False,3,1
359,12.4,0.37,False,3,3
360,9.5,0.3,False,1,2
361,9.5,0.25,False,1,1
362,12.7,0.27,True,3,2
363,9.7,0.23,False,1,1
364,9.5,0.25,False,1,1
365,9.9,0.24,True,1,1
366,10.4,0.17,False,2,0
367,9.9,0.28,False,1,2
368,12.5,0.24,False,3,1
369,9.8,0.23,False,1,1
370,9.7,0.39,False,1,3
371,9.5,0.44,False,1,3
372,10.6,0.15,False,2,0
373,9.0,0.27,False,0,2
374,9.0,0.39,False,0,3
375,10.4,0.25,False,2,1
376,10.6,0.14,False,2,0
377,10.2,0.16,False,1,0
378,10.8,0.17,False,2,0
379,10.6,0.28,True,2,2
380,12.8,0.41,False,3,3
381,9.4,0.42,False,0,3
382,9.2,0.21,False,0,1
383,9.8,0.28,False,1,2
384,8.9,0.26,False,0,1
385,9.9,0.41,False,1,3
386,9.7,0.35,False,1,3
387,9.3,0.4,False,0,3
388,10.6,0.26,False,2,1
389,9.0,0.28,False,0,2
390,12.3,0.4,False,3,3
391,8.7,0.28,False,0,2
392,12.5,0.48,True,3,3
393,10.1,0.25,False,1,1
394,9.7,0.24,False,1,1
395,9.2,0.45,False,0,3
396,11.5,0.33,False,3,3
397,9.3,0.23,False,0,1
398,9.6,0.17,True,1,0
399,9.1,0.705,False,0,3
400,10.1,0.16,False,1,0
401,9.2,0.27,False,0,2
402,9.4,0.38,False,0,3
403,10.1,0.16,False,1,0
404,9.5,0.41,False,1,3
405,9.2,0.44,False,0,3
406,9.4,0.27,False,0,2
407,9.8,0.35,False,1,3
408,9.9,0.27,False,1,2
409,10.0,0.46,False,1,3
410,10.0,0.32,False,1,2
411,9.0,0.29,False,0,2
412,9.8,0.56,False,1,3
413,10.2,0.32,False,1,2
414,10.2,0.18,False,1,0
415,8.8,0.21,False,0,1
416,9.8,0.31,False,1,2
417,9.4,0.34,False,0,3
418,9.4,0.4,False,0,3
419,9.0,0.27,False,0,2
420,9.2,0.28,False,0,2
421,12.3,0.34,False,3,3
422,9.7,0.41,False,1,3
423,10.0,0.27,False,1,2
424,9.4,0.255,False,0,1
425,11.1,0.32,False,2,2
426,9.9,0.14,False,1,0
427,10.5,0.26,False,2,1
428,8.9,0.17,False,0,0
429,9.2,0.28,False,0,2
430,10.8,0.32,False,2,2
431,10.8,0.21,False,2,1
432,11.3,0.11,False,2,0
433,11.3,0.3,False,2,2
434,10.6,0.2,False,2,0
435,9.4,0.36,False,0,3
436,10.3,0.18,True,1,0
437,10.5,0.445,False,2,3
438,8.6,0.44,False,0,3
439,11.8,0.13,False,3,0
440,10.2,0.23,False,1,1
441,9.5,0.34,False,1,3
442,8.7,0.28,False,0,2
443,11.2,0.13,True,2,0
444,9.3,0.4,False,0,3
445,9.3,0.26,False,0,1
446,12.9,0.3,False,3,2
447,9.6,0.31,False,1,2
448,11.2,0.21,False,2,1
449,9.8,0.31,False,1,2
450,10.3,0.23,False,1,1
451,9.4,0.26,False,0,1
452,10.3,0.29,False,1,2
453,12.8,0.44,False,3,3
454,10.8,0.34,False,2,3
455,11.8,0.17,False,3,0
456,10.0,0.33,False,1,3
457,9.5,0.16,False,1,0
458,11.4,0.2,False,3,0
459,12.2,0.3,False,3,2
460,10.8,0.2,True,2,0
461,9.3,0.11,False,0,0
462,9.2,0.325,False,0,2
463,9.0,0.24,False,0,1
464,10.6,0.16,False,2,0
465,10.2,0.21,False,1,1
466,10.4,0.19,False,2,0
467,12.0,0.17,False,3,0
468,10.7,0.22,False,2,1
469,9.3,0.15,False,0,0
470,11.8,0.21,False,3,1
471,10.5,0.22,False,2,1
472,11.9,0.22,True,3,1
473,10.8,0.25,True,2,1
474,13.5,0.36,False,3,3
475,10.7,0.29,False,2,2
476,10.6,0.3,False,2,2
477,11.0,0.29,False,2,2
478,9.4,0.26,False,0,1
479,11.3,0.35,False,2,3
480,10.6,0.19,False,2,0
481,12.1,0.32,True,3,2
482,10.5,0.23,True,2,1
483,12.5,0.28,False,3,2
484,12.1,0.35,True,3,3
485,13.3,0.32,False,3,2
486,9.5,0.25,False,1,1
487,11.4,0.32,False,3,2
488,10.5,0.22,False,2,1
489,10.8,0.2,False,2,0
490,9.1,0.25,False,0,1
491,9.8,0.15,False,1,0
492,12.1,0.36,True,3,3
493,11.3,0.25,False,2,1
494,13.7,0.31,False,3,2
495,10.0,0.24,False,1,1
496,11.3,0.13,True,2,0
497,12.2,0.34,True,3,3
498,11.3,0.17,False,2,0
499,11.0,0.3,False,2,2
500,11.1,0.25,False,2,1
501,11.2,0.19,False,2,0
502,12.9,0.34,False,3,3
503,10.3,0.21,False,1,1
504,12.3,0.24,False,3,1
505,9.8,0.12,False,1,0
506,11.4,0.1,True,3,0
507,10.9,0.21,False,2,1
508,12.4,0.31,False,3,2
509,12.9,0.29,False,3,2
510,12.0,0.3,True,3,2
511,11.5,0.14,False,3,0
512,12.8,0.35,False,3,3
513,11.2,0.15,False,2,0
514,9.4,0.27,False,0,2
515,12.5,0.22,True,3,1
516,12.3,0.34,False,3,3
517,12.6,0.26,False,3,1
518,11.4,0.38,False,3,3
519,9.6,0.24,False,1,1
520,11.4,0.16,False,3,0
521,12.8,0.32,True,3,2
522,9.4,0.28,False,0,2
523,13.5,0.22,False,3,1
524,12.7,0.18,True,3,0
525,10.4,0.21,False,2,1
526,12.5,0.26,True,3,1
527,11.0,0.21,False,2,1
528,9.5,0.36,True,1,3
529,10.8,0.16,False,2,0
530,12.2,0.32,True,3,2
531,10.7,0.2,False,2,0
532,11.5,0.22,False,3,1
533,11.4,0.4,False,3,3
534,11.2,0.19,False,2,0
535,11.5,0.3,True,3,2
536,12.9,0.64,False,3,3
537,13.1,0.28,False,3,2
538,11.4,0.24,False,3,1
539,11.4,0.16,False,3,0
540,13.0,0.47,False,3,3
541,10.0,0.24,False,1,1
542,11.3,0.24,True,2,1
543,13.2,0.16,False,3,0
544,9.5,0.22,False,1,1
545,10.4,0.22,False,2,1
546,10.2,0.21,True,1,1
547,10.9,0.24,False,2,1
548,12.0,0.43,False,3,3
549,10.5,0.3,False,2,2
550,13.1,0.33,False,3,3
551,9.1,0.29,False,0,2
552,10.9,0.33,False,2,3
553,11.7,0.19,True,3,0
554,13.4,0.33,False,3,3
555,9.4,0.32,False,0,2
556,11.6,0.36,True,3,3
557,13.1,0.35,False,3,3
558,12.2,0.28,False,3,2
559,9.4,0.23,False,0,1
560,12.2,0.21,True,3,1
561,12.9,0.64,True,3,3
562,12.4,0.37,True,3,3
563,11.5,0.26,False,3,1
564,11.3,0.15,True,2,0
565,11.0,0.18,True,2,0
566,11.3,0.23,False,2,1
567,12.3,0.32,False,3,2
568,11.7,0.24,True,3,1
569,10.8,0.28,False,2,2
570,12.3,0.2,False,3,0
571,10.6,0.45,False,2,3
572,10.7,0.2,True,2,0
573,12.8,0.36,False,3,3
574,8.8,0.21,False,0,1
575,10.0,0.13,False,1,0
576,9.5,0.085,False,1,0
577,10.4,0.18,False,2,0
578,10.5,0.15,True,2,0
579,10.8,0.275,False,2,2
580,12.4,0.26,True,3,1
581,11.2,0.27,False,2,2
582,12.7,0.37,False,3,3
583,13.6,0.3,False,3,2
584,10.4,0.25,False,2,1
585,9.8,0.3,False,1,2
586,10.8,0.16,False,2,0
587,11.6,0.22,False,3,1
588,10.1,0.3,False,1,2
589,9.1,0.24,False,0,1
590,9.5,0.3,False,1,2
591,12.1,0.26,False,3,1
592,10.3,0.28,False,1,2
593,13.4,0.22,True,3,1
594,10.9,0.2,False,2,0
595,10.2,0.27,False,1,2
596,9.5,0.27,False,1,2
597,9.5,0.26,False,1,1
598,9.4,0.13,False,0,0
599,11.1,0.28,False,2,2
600,12.5,0.33,False,3,3
601,9.5,0.26,False,1,1
602,13.0,0.46,True,3,3
603,9.7,0.15,False,1,0
604,8.4,0.31,False,0,2
605,12.4,0.27,False,3,2
606,10.6,0.31,False,2,2
607,9.2,0.25,False,0,1
608,9.6,0.26,False,1,1
609,10.5,0.22,False,2,1
610,11.1,0.73,False,2,3
611,12.2,0.33,False,3,3
612,10.6,0.21,False,2,1
613,12.2,0.435,False,3,3
614,10.4,0.26,False,2,1
615,11.0,0.23,True,2,1
616,9.2,0.23,False,0,1
617,14.0,0.455,False,3,3
618,14.2,0.35,True,3,3
619,9.9,0.14,False,1,0
620,11.5,0.22,False,3,1
621,12.1,0.28,False,3,2
622,11.0,0.31,False,2,2
623,9.3,0.36,False,0,3
624,9.3,0.14,False,0,0
625,8.8,0.33,False,0,3
626,11.2,0.16,False,2,0
627,12.0,0.31,False,3,2
628,9.5,0.185,False,1,0
629,9.4,0.27,False,0,2
630,12.8,0.32,False,3,2
631,13.0,0.27,True,3,2
632,10.4,0.29,True,2,2
633,10.4,0.23,False,2,1
634,11.0,0.28,True,2,2
635,11.3,0.21,True,2,1
636,8.4,0.37,False,0,3
637,12.4,0.32,True,3,2
638,9.3,0.26,False,0,1
639,12.2,0.25,False,3,1
640,9.9,0.34,False,1,3
641,12.4,1.1,False,3,3
642,8.7,0.16,False,0,0
643,10.7,0.43,False,2,3
644,11.2,0.36,False,2,3
645,9.4,0.25,False,0,1
646,9.2,0.2,False,0,0
647,10.0,0.37,False,1,3
648,12.3,0.3,False,3,2
649,11.3,0.21,False,2,1
650,11.5,0.13,True,3,0
651,10.0,0.17,False,1,0
652,13.4,0.34,False,3,3
653,10.8,0.25,False,2,1
654,12.7,0.23,False,3,1
655,11.0,0.18,True,2,0
656,9.7,0.13,True,1,0
657,9.4,0.48,False,0,3
658,10.4,0.26,False,2,1
659,11.6,0.34,False,3,3
660,9.3,0.34,False,0,3
661,9.3,0.24,False,0,1
662,10.5,0.27,False,2,2
663,10.2,0.2,False,1,0
664,9.1,0.36,False,0,3
665,11.7,0.41,False,3,3
666,10.1,0.3,False,1,2
667,10.3,0.26,False,1,1
668,8.8,0.31,False,0,2
669,10.1,0.38,False,1,3
670,9.2,0.38,False,0,3
671,10.1,0.2,True,1,0
672,11.0,0.26,False,2,1
673,9.2,0.29,False,0,2
674,10.5,0.23,False,2,1
675,10.8,0.22,False,2,1
676,12.3,0.18,False,3,0
677,11.4,0.14,False,3,0
678,12.2,0.55,False,3,3
679,12.2,0.2,False,3,0
680,13.0,0.31,False,3,2
681,9.7,0.26,False,1,1
682,12.4,0.26,False,3,1
683,9.4,0.28,False,0,2
684,10.9,0.24,False,2,1
685,11.0,0.22,False,2,1
686,10.2,0.225,False,1,1
687,12.0,0.23,False,3,1
688,11.4,0.2,False,3,0
689,10.98,0.42,False,2,3
690,9.4,0.23,False,0,1
691,8.8,0.19,True,0,0
692,11.1,0.2,False,2,0
693,9.4,0.34,False,0,3
694,13.2,0.36,True,3,3
695,10.7,0.28,False,2,2
696,12.8,0.24,True,3,1
697,9.5,0.31,False,1,2
698,12.5,0.26,False,3,1
699,11.3333333333333,0.13,True,2,0
700,12.2,0.3,True,3,2
701,9.2,0.25,False,0,1
702,9.4,0.29,False,0,2
703,9.1,0.305,False,0,2
704,8.8,0.22,False,0,1
705,8.7,0.36,False,0,3
706,11.2,0.24,False,2,1
707,11.9,0.28,False,3,2
708,12.4,0.27,False,3,2
709,10.7,0.28,False,2,2
710,12.5,0.32,False,3,2
711,12.1,0.2,False,3,0
712,9.8,0.36,False,1,3
713,9.6,0.32,False,1,2
714,12.8,0.22,True,3,1
715,12.4,0.3,True,3,2
716,10.4,0.54,False,2,3
717,10.2,0.28,False,1,2
718,10.0,0.16,False,1,0
719,10.5,0.25,False,2,1
720,10.1,0.18,False,1,0
721,12.75,0.28,False,3,2
722,13.0,0.25,True,3,1
723,11.1,0.23,False,2,1
724,9.6,0.45,False,1,3
725,12.15,0.26,False,3,1
726,10.8,0.18,True,2,0
727,12.4,0.32,True,3,2
728,11.1,0.27,False,2,2
729,10.5,0.37,False,2,3
730,11.8,0.33,False,3,3
731,11.0,0.36,False,2,3
732,11.4,0.16,True,3,0
733,9.1,0.17,False,0,0
734,9.8,0.34,False,1,3
735,9.5,0.33,False,1,3
736,11.6,0.24,True,3,1
737,10.4,0.25,True,2,1
738,11.7333333333333,0.24,False,3,1
739,11.75,0.24,False,3,1
740,9.3,0.61,False,0,3
741,9.6,0.38,False,1,3
742,12.8,0.36,False,3,3
743,13.4,0.43,True,3,3
744,11.8,0.28,False,3,2
745,10.6,0.21,False,2,1
746,10.2,0.63,False,1,3
747,10.5,0.26,False,2,1
748,8.8,0.36,False,0,3
749,9.6,0.36,False,1,3
750,11.8,0.22,True,3,1
751,10.8,0.205,False,2,0
752,10.0,0.15,False,1,0
753,10.3,0.225,False,1,1
754,11.6333333333333,0.16,False,3,0
755,12.3,0.24,True,3,1
756,11.65,0.16,False,3,0
757,9.6,0.32,False,1,2
758,10.8,0.27,False,2,2
759,10.6,0.36,False,2,3
760,9.6,0.27,False,1,2
761,12.0,0.21,True,3,1
762,11.6,0.3,False,3,2
763,10.7,0.105,True,2,0
764,10.3,0.32,False,1,2
765,11.9,0.31,False,3,2
766,9.5,0.28,False,1,2
767,10.9,0.35,False,2,3
768,9.7,0.36,False,1,3
769,12.4,0.4,False,3,3
770,13.7,0.76,False,3,3
771,13.1333333333333,0.27,True,3,2
772,11.4,0.22,False,3,1
773,12.1,0.32,True,3,2
774,10.9,0.33,False,2,3
775,12.0,0.37,True,3,3
776,9.6,0.5,False,1,3
777,13.1,0.28,True,3,2
778,11.1,0.22,False,2,1
779,12.2,0.54,True,3,3
780,11.1,0.36,False,2,3
781,9.6,0.33,False,1,3
782,11.4,0.23,False,3,1
783,9.0,0.23,False,0,1
784,11.0,0.52,False,2,3
785,13.3,0.36,False,3,3
786,13.6,0.355,True,3,3
787,10.8,0.23,False,2,1
788,11.9,0.21,True,3,1
789,11.6,0.38,False,3,3
790,10.7,0.32,False,2,2
791,9.7,0.23,False,1,1
792,11.2,0.21,False,2,1
793,11.8,0.21,False,3,1
