x_bin,y_bin,x_range,y_range,total,errors,error_rate,error_ci_low,error_ci_high,hotspot_p,hotspot_p_adjusted
0,0,"[8.4, 9.5)","[0.08, 0.21)",27,4,0.14814814814814814,0.05915927776244326,0.3247868542781298,0.7143018546932685,1.0
0,1,"[8.4, 9.5)","[0.21, 0.27)",46,5,0.10869565217391304,0.04733145858098943,0.2303782864425083,0.9241498052758118,1.0
0,2,"[8.4, 9.5)","[0.27, 0.33)",47,0,0.0,0.0,0.07555760416399632,1.0,1.0
0,3,"[8.4, 9.5)","[0.33, 1.1]",54,1,0.018518518518518517,0.003276487718229061,0.09771437488781931,0.9999760243157856,1.0
1,0,"[9.5, 10.4)","[0.08, 0.21)",45,8,0.17777777777777778,0.09294389514104148,0.3132982462645977,0.5284780991506106,1.0
1,1,"[9.5, 10.4)","[0.21, 0.27)",58,4,0.06896551724137931,0.027144247017578338,0.1643366631438035,0.9951599390257346,1.0
1,2,"[9.5, 10.4)","[0.27, 0.33)",43,0,0.0,0.0,0.08200980322579117,1.0,1.0
1,3,"[9.5, 10.4)","[0.33, 1.1]",54,1,0.018518518518518517,0.003276487718229061,0.09771437488781931,0.9999760243157856,1.0
2,0,"[10.4, 11.4)","[0.08, 0.21)",58,19,0.3275862068965517,0.22083291084926074,0.455759453215292,0.002121836925053047,0.027583880025689612
2,1,"[10.4, 11.4)","[0.21, 0.27)",70,13,0.18571428571428572,0.11187300001902034,0.29225578206743313,0.4348965691022378,1.0
2,2,"[10.4, 11.4)","[0.27, 0.33)",41,8,0.1951219512195122,0.10234437385158025,0.3401358518706343,0.41405778434557433,1.0
2,3,"[10.4, 11.4)","[0.33, 1.1]",36,1,0.027777777777777776,0.004920407139810443,0.14169718653273855,0.9990876094714918,1.0
3,0,"[11.4, 14.2]","[0.08, 0.21)",37,11,0.2972972972972973,0.17489478649832016,0.45783135911135664,0.03977906947577076,0.4773488337092492
3,1,"[11.4, 14.2]","[0.21, 0.27)",54,19,0.35185185185185186,0.2382301110811473,0.4851516927976369,0.0007810630616717759,0.010934882863404863
3,2,"[11.4, 14.2]","[0.27, 0.33)",54,20,0.37037037037037035,0.2542337519166028,0.5037253264773334,0.0002498880243038006,0.0039982083888608095
3,3,"[11.4, 14.2]","[0.33, 1.1]",69,23,0.3333333333333333,0.2335105070168671,0.4507352457128168,0.0005110716689976074,0.007666075034964111
