row,source_row_id,example_id,sample_group,fixed acidity,volatile acidity,citric acid,residual sugar,chlorides,free sulfur dioxide,total sulfur dioxide,density,pH,sulphates,alcohol,actual_label,predicted_label,probability_0,probability_1,predicted_confidence
2,7,white_wine_0011,24dca929b6ad4804,8.1,0.27,0.41,1.45,0.033,11,63,0.9908,2.99,0.56,12,quality_below_7,quality_below_7,0.17,0.83,0.83
11,67,white_wine_0078,2182b1b2c38a2f37,7,0.32,0.34,1.3,0.042,20,69,0.9912,3.31,0.65,12,quality_7_plus,quality_below_7,0.27,0.73,0.73
47,271,white_wine_0319,5bf2257d463809a2,5.9,0.3,0.47,7.85,0.03,19,133,0.9933,3.52,0.43,11.5,quality_7_plus,quality_below_7,0.38,0.62,0.62
68,372,white_wine_0447,a70d677332e82913,5.8,0.28,0.27,2.6,0.054,30,156,0.9914,3.53,0.42,12.4,quality_below_7,quality_below_7,0.47,0.53,0.53
84,463,white_wine_0553,139a6b7405329ae6,7.8,0.28,0.34,1.6,0.028,32,118,0.9901,3,0.38,12.1,quality_7_plus,quality_below_7,0.34,0.66,0.66
143,746,white_wine_0894,821d88c6a956eed8,7,0.31,0.29,1.4,0.037,33,128,0.9896,3.12,0.36,12.2,quality_7_plus,quality_below_7,0.31,0.69,0.69
184,935,white_wine_1106,4e07310e46103d77,5.5,0.32,0.45,4.9,0.028,25,191,0.9922,3.51,0.49,11.5,quality_7_plus,quality_7_plus,0.56,0.44,0.56
185,937,white_wine_1109,4810738ddcc274b6,6.1,0.29,0.27,1.7,0.024,13,76,0.9893,3.21,0.51,12.6,quality_7_plus,quality_below_7,0.36,0.64,0.64
225,1166,white_wine_1377,8480f665dfb4a87c,6.9,0.27,0.41,1.7,0.047,6,134,0.9929,3.15,0.69,11.4,quality_below_7,quality_below_7,0.09,0.91,0.91
243,1262,white_wine_1496,a7e41c0fec2aefbe,7.6,0.29,0.49,9.6,0.03,45,197,0.9938,3.13,0.38,12.3,quality_7_plus,quality_7_plus,0.66,0.34,0.66
254,1317,white_wine_1561,a227a4411c0391fa,7.8,0.3,0.74,1.8,0.033,33,156,0.991,3.29,0.52,12.8,quality_below_7,quality_7_plus,0.69,0.31,0.69
300,1533,white_wine_1816,41c8496b68727ade,6.8,0.3,0.35,2.8,0.038,10,164,0.9912,3.09,0.53,12,quality_below_7,quality_below_7,0.18,0.82,0.82
346,1755,white_wine_2102,4b1eac5331b21f38,6.8,0.28,0.35,2.3,0.042,16,85,0.9906,3.19,0.56,12.4,quality_below_7,quality_below_7,0.34,0.66,0.66
350,1774,white_wine_2130,b78343ab0f377b71,6.8,0.28,0.39,1.4,0.036,15,115,0.9918,3.27,0.72,11.7,quality_below_7,quality_below_7,0.32,0.68,0.68
357,1796,white_wine_2157,d8b51be0a2f0b0d1,7.9,0.28,0.32,3.6,0.038,9,76,0.992,3.05,0.31,11.7,quality_below_7,quality_below_7,0.26,0.74,0.74
362,1821,white_wine_2191,9711c70889a78a1e,7.6,0.27,0.42,2.6,0.044,29,110,0.9912,3.31,0.51,12.7,quality_below_7,quality_7_plus,0.51,0.49,0.51
446,2211,white_wine_2672,1231038783f20bd4,5.9,0.3,0.3,2,0.03,38,142,0.98892,3.41,0.41,12.9,quality_7_plus,quality_7_plus,0.82,0.18,0.82
459,2299,white_wine_2787,ef80e734143cba20,8,0.3,0.36,11,0.034,8,70,0.99354,3.05,0.41,12.2,quality_below_7,quality_below_7,0.27,0.73,0.73
481,2451,white_wine_2977,2712bc16246b0211,6.8,0.32,0.39,9.6,0.026,34,124,0.99286,3.18,0.35,12.1,quality_below_7,quality_7_plus,0.65,0.35,0.65
483,2466,white_wine_2996,6579a682287991fe,6.6,0.28,0.34,0.8,0.037,42,119,0.9888,3.03,0.37,12.5,quality_below_7,quality_below_7,0.47,0.53,0.53
485,2469,white_wine_2999,04f7245a1ec24f48,6,0.32,0.3,1.3,0.025,18,112,0.98802,3.07,0.64,13.3,quality_7_plus,quality_7_plus,0.5,0.5,0.5
487,2479,white_wine_3016,aaacbb6631371934,7.2,0.32,0.3,8.25,0.02,14,104,0.99362,2.99,0.44,11.4,quality_below_7,quality_below_7,0.48,0.52,0.52
494,2533,white_wine_3084,9f7d902707cfa777,5.8,0.31,0.32,4.5,0.024,28,94,0.98906,3.25,0.52,13.7,quality_7_plus,quality_7_plus,0.68,0.32,0.68
508,2625,white_wine_3201,708eadd72df78b4d,5.2,0.31,0.36,5.1,0.031,46,145,0.9897,3.14,0.31,12.4,quality_7_plus,quality_7_plus,0.65,0.35,0.65
509,2629,white_wine_3207,0a18d3d2c1bbd94d,6.6,0.29,0.39,6.75,0.031,22,98,0.9913,3.15,0.8,12.9,quality_7_plus,quality_7_plus,0.64,0.36,0.64
510,2634,white_wine_3212,c8ed21f27fe91a75,8.2,0.3,0.44,12.4,0.043,52,154,0.99452,3.04,0.33,12,quality_below_7,quality_7_plus,0.53,0.47,0.53
521,2691,white_wine_3282,7054afd1f68ba3c7,6.5,0.32,0.3,2.3,0.051,20,127,0.98964,3.13,0.52,12.8,quality_below_7,quality_7_plus,0.53,0.47,0.53
530,2753,white_wine_3356,8d54e3a20a09ea30,5.3,0.32,0.23,9.65,0.026,26,119,0.99168,3.18,0.53,12.2,quality_below_7,quality_7_plus,0.61,0.39,0.61
535,2794,white_wine_3411,e51232b96e95aa0b,8.9,0.3,0.35,4.6,0.032,32,148,0.99458,3.15,0.45,11.5,quality_7_plus,quality_below_7,0.24,0.76,0.76
537,2803,white_wine_3423,5e1e5ed0921c5773,6.2,0.28,0.28,4.3,0.026,22,105,0.989,2.98,0.64,13.1,quality_7_plus,quality_7_plus,0.62,0.38,0.62
558,2895,white_wine_3539,e5217d66de42b4eb,6.5,0.28,0.25,4.8,0.029,54,128,0.99074,3.17,0.44,12.2,quality_7_plus,quality_7_plus,0.68,0.32,0.68
567,2927,white_wine_3583,f7545e46ac401109,6.3,0.32,0.32,1.5,0.037,12,76,0.98993,3.3,0.46,12.3,quality_below_7,quality_below_7,0.31,0.69,0.69
583,2998,white_wine_3674,d58862a99c7f991d,5.4,0.3,0.3,1.2,0.029,25,93,0.98742,3.31,0.4,13.6,quality_7_plus,quality_7_plus,0.8,0.2,0.8
605,3115,white_wine_3837,26dad88d1b406fbf,8,0.27,0.33,1.2,0.05,41,103,0.99002,3,0.45,12.4,quality_below_7,quality_below_7,0.19,0.81,0.81
621,3181,white_wine_3931,0f794745550b3d76,6.1,0.28,0.26,1.5,0.03,25,101,0.98894,3.03,0.41,12.1,quality_below_7,quality_below_7,0.18,0.82,0.82
627,3203,white_wine_3958,2084f164f43770a5,7.7,0.31,0.36,4.3,0.026,15,87,0.99152,3.11,0.48,12,quality_below_7,quality_below_7,0.36,0.64,0.64
630,3218,white_wine_3977,13622cd3cd8b2f0e,7,0.32,0.29,7.6,0.025,35,124,0.99162,3.15,0.65,12.8,quality_7_plus,quality_7_plus,0.92,0.08,0.92
631,3219,white_wine_3978,3508dcdab4d8556d,6.9,0.27,0.25,7.5,0.03,18,117,0.99116,3.09,0.38,13,quality_below_7,quality_7_plus,0.68,0.32,0.68
637,3251,white_wine_4026,3bc3a2db9a05e86a,6.2,0.32,0.45,2.9,0.029,37,94,0.98998,3.25,0.6,12.4,quality_below_7,quality_7_plus,0.59,0.41,0.59
648,3313,white_wine_4108,2a759925ddf1ec5e,6.8,0.3,0.26,20.3,0.037,45,150,0.99727,3.04,0.38,12.3,quality_below_7,quality_below_7,0.38,0.62,0.62
680,3451,white_wine_4277,4d0a37b5f1612fb7,5.2,0.31,0.2,2.4,0.027,27,117,0.98886,3.56,0.45,13,quality_7_plus,quality_7_plus,0.67,0.33,0.67
700,3528,white_wine_4382,90fb029aeba0dabf,6.4,0.3,0.27,5,0.058,27,151,0.99198,3.22,0.49,12.2,quality_below_7,quality_7_plus,0.67,0.33,0.67
707,3566,white_wine_4437,15a7ae16f35ed28f,6.7,0.28,0.28,4.5,0.051,14,92,0.99224,3.36,0.58,11.9,quality_below_7,quality_below_7,0.38,0.62,0.62
708,3571,white_wine_4442,54944c81c9e30a8f,6.6,0.27,0.25,1.2,0.033,36,111,0.98918,3.16,0.37,12.4,quality_below_7,quality_below_7,0.29,0.71,0.71
710,3586,white_wine_4464,019bbd0bf43faf4e,6.7,0.32,0.32,1.7,0.031,31,114,0.98946,3.12,0.35,12.5,quality_below_7,quality_below_7,0.34,0.66,0.66
715,3602,white_wine_4483,a9f96de0dc2570be,6.2,0.3,0.33,3.5,0.037,37,155,0.98987,3.18,0.37,12.4,quality_below_7,quality_7_plus,0.53,0.47,0.53
721,3653,white_wine_4541,69389da0a8c561ea,5.8,0.28,0.3,3.9,0.026,36,105,0.98963,3.26,0.58,12.75,quality_below_7,quality_below_7,0.37,0.63,0.63
727,3681,white_wine_4574,5d3674fefd7da6eb,6.8,0.32,0.23,3.3,0.026,31,99,0.9896,3.1,0.4,12.4,quality_below_7,quality_7_plus,0.53,0.47,0.53
744,3773,white_wine_4674,dbe06f86fa185002,6,0.28,0.52,6.2,0.028,37,104,0.99161,3.28,0.51,11.8,quality_7_plus,quality_7_plus,0.53,0.47,0.53
762,3865,white_wine_4791,d1b10d9aba7fee2b,6.2,0.3,0.42,2.2,0.036,28,128,0.9901,3.13,0.38,11.6,quality_below_7,quality_below_7,0.24,0.76,0.76
765,3875,white_wine_4804,5fd0f395cca603ad,6.4,0.31,0.5,5.8,0.038,42,111,0.99189,3.18,0.53,11.9,quality_7_plus,quality_7_plus,0.6,0.4,0.6
771,3890,white_wine_4819,a5f29e8219334377,6,0.27,0.4,1.7,0.021,18,82,0.9891,3.24,0.95,13.1333333333333,quality_below_7,quality_7_plus,0.51,0.49,0.51
773,3897,white_wine_4830,e67787943e0688b9,6,0.32,0.33,9.9,0.032,22,90,0.99258,3.1,0.43,12.1,quality_7_plus,quality_below_7,0.21,0.79,0.79
777,3905,white_wine_4838,8d03985fee30025f,6.5,0.28,0.38,7.8,0.031,54,216,0.99154,3.03,0.42,13.1,quality_below_7,quality_7_plus,0.52,0.48,0.52
