example_id,sepal_length,sepal_width,petal_length,petal_width,actual,predicted
42,4.4,3.2,1.3,0.2,setosa,setosa
56,6.3,3.3,4.7,1.6,versicolor,versicolor
99,5.7,2.8,4.1,1.3,versicolor,versicolor
53,5.5,2.3,4.0,1.3,versicolor,versicolor
38,4.4,3.0,1.3,0.2,setosa,setosa
85,6.0,3.4,4.5,1.6,versicolor,versicolor
134,6.1,2.6,5.6,1.4,virginica,versicolor
141,6.9,3.1,5.1,2.3,virginica,virginica
107,7.3,2.9,6.3,1.8,virginica,virginica
132,6.4,2.8,5.6,2.2,virginica,virginica
106,4.9,2.5,4.5,1.7,virginica,versicolor
140,6.7,3.1,5.6,2.4,virginica,virginica
69,5.6,2.5,3.9,1.1,versicolor,versicolor
84,5.4,3.0,4.5,1.5,versicolor,versicolor
18,5.7,3.8,1.7,0.3,setosa,setosa
10,5.4,3.7,1.5,0.2,setosa,setosa
20,5.4,3.4,1.7,0.2,setosa,setosa
63,6.1,2.9,4.7,1.4,versicolor,versicolor
14,5.8,4.0,1.2,0.2,setosa,setosa
96,5.7,2.9,4.2,1.3,versicolor,versicolor
147,6.5,3.0,5.2,2.0,virginica,virginica
93,5.0,2.3,3.3,1.0,versicolor,versicolor
138,6.0,3.0,4.8,1.8,virginica,virginica
51,6.4,3.2,4.5,1.5,versicolor,versicolor
116,6.5,3.0,5.5,1.8,virginica,virginica
57,4.9,2.4,3.3,1.0,versicolor,versicolor
41,4.5,2.3,1.3,0.3,setosa,setosa
127,6.1,3.0,4.9,1.8,virginica,virginica
7,5.0,3.4,1.5,0.2,setosa,setosa
77,6.7,3.0,5.0,1.7,versicolor,virginica
108,6.7,2.5,5.8,1.8,virginica,virginica
104,6.5,3.0,5.8,2.2,virginica,virginica
22,4.6,3.6,1.0,0.2,setosa,setosa
28,5.2,3.4,1.4,0.2,setosa,setosa
35,5.0,3.2,1.2,0.2,setosa,setosa
23,5.1,3.3,1.7,0.5,setosa,setosa
148,6.2,3.4,5.4,2.3,virginica,virginica
66,5.6,3.0,4.5,1.5,versicolor,versicolor
