image_id,actual,predicted,confidence,brightness,blur_px,speed_kmh,sign_size_px,weather
img_00001,no_entry,speed_30,0.516,0.04,2.9,38,80,rain
img_00002,no_entry,no_entry,0.814,0.61,6.7,35,98,fog
img_00003,speed_30,speed_30,0.775,0.23,5.3,86,61,rain
img_00004,yield,yield,0.619,0.87,1.6,43,71,clear
img_00005,yield,yield,0.738,0.86,4.5,95,120,clear
img_00006,speed_50,speed_50,0.839,0.82,5.2,80,118,fog
img_00007,speed_50,speed_50,0.696,0.28,7.8,119,74,clear
img_00008,speed_50,speed_80,0.636,0.02,8.0,114,114,fog
img_00009,speed_50,speed_50,0.56,0.32,8.0,103,36,rain
img_00010,speed_30,speed_30,0.738,0.93,4.6,67,21,clear
img_00011,no_entry,no_entry,0.828,0.74,3.7,89,90,clear
img_00012,speed_50,speed_50,0.799,0.09,1.7,40,72,clear
img_00013,speed_50,speed_50,0.815,0.69,4.7,112,42,clear
img_00014,speed_50,speed_50,0.869,0.88,6.2,80,43,clear
img_00015,speed_50,speed_50,0.713,0.93,3.1,81,55,clear
img_00016,speed_50,speed_50,0.863,0.7,5.5,116,65,clear
img_00017,no_entry,no_entry,0.672,0.83,3.7,66,96,snow
img_00018,yield,yield,0.791,0.73,8.0,107,23,rain
img_00019,speed_50,speed_50,0.694,0.29,8.0,94,43,rain
img_00020,yield,stop,0.833,0.13,4.7,110,56,snow
img_00021,speed_30,speed_50,0.802,0.71,1.4,34,108,clear
img_00022,no_entry,no_entry,0.837,0.17,2.8,61,62,clear
img_00023,no_entry,no_entry,0.882,0.31,4.0,80,56,rain
img_00024,no_entry,no_entry,0.9,0.96,3.6,46,16,clear
img_00025,speed_50,speed_50,0.778,0.56,3.6,57,122,clear
img_00026,no_entry,no_entry,0.907,0.52,5.3,107,69,clear
img_00027,no_entry,no_entry,0.861,0.91,7.7,108,102,clear
img_00028,speed_30,speed_30,0.837,0.22,5.9,99,117,fog
img_00029,yield,yield,0.881,0.88,3.2,43,30,rain
img_00030,stop,stop,0.795,0.88,5.8,105,22,clear
img_00031,speed_50,speed_50,0.891,0.37,0.8,28,19,clear
img_00032,speed_50,speed_50,0.878,0.34,2.4,59,122,clear
img_00033,speed_50,speed_50,0.804,0.16,1.3,29,58,clear
img_00034,speed_30,speed_30,0.856,0.88,2.0,48,71,clear
img_00035,speed_50,speed_30,0.815,0.13,4.9,98,23,rain
img_00036,speed_50,speed_80,0.546,0.05,2.8,44,39,clear
img_00037,speed_30,speed_30,0.914,0.86,2.8,69,41,clear
img_00038,speed_50,speed_50,0.906,0.59,5.5,107,125,clear
img_00039,yield,yield,0.914,0.58,2.7,47,99,fog
img_00040,speed_30,speed_50,0.497,0.71,6.4,112,69,clear
img_00041,speed_50,speed_30,0.559,0.08,4.5,78,81,clear
img_00042,speed_30,speed_50,0.831,0.04,6.1,57,65,fog
img_00043,yield,yield,0.826,0.5,4.2,83,21,clear
img_00044,stop,no_entry,0.429,0.02,8.0,108,58,fog
img_00045,speed_50,speed_30,0.337,0.42,2.5,52,101,rain
img_00046,stop,stop,0.783,0.64,3.8,58,115,rain
img_00047,speed_50,speed_50,0.869,0.64,1.3,27,107,clear
img_00048,stop,stop,0.834,0.61,,65,30,clear
img_00049,speed_50,speed_50,0.775,0.08,2.7,53,109,clear
img_00050,yield,yield,0.766,0.18,7.6,77,39,fog
img_00051,no_entry,no_entry,0.88,0.87,4.4,82,17,clear
img_00052,yield,yield,0.836,0.15,1.8,42,48,clear
img_00053,stop,stop,0.906,0.53,2.6,54,58,clear
img_00054,speed_50,speed_30,0.705,0.09,2.2,47,23,clear
img_00055,speed_50,speed_50,0.954,0.9,0.4,28,85,clear
img_00056,yield,yield,0.762,0.2,2.2,46,111,clear
img_00057,speed_30,speed_30,0.816,0.34,8.0,88,113,rain
img_00058,speed_50,speed_50,0.832,0.54,6.3,46,71,clear
img_00059,yield,yield,0.74,0.7,5.0,61,46,snow
img_00060,yield,yield,0.877,0.9,3.4,72,83,clear
img_00061,speed_30,speed_30,0.894,0.64,4.3,21,44,rain
img_00062,yield,yield,0.704,0.28,2.2,30,116,rain
img_00063,stop,no_entry,0.607,0.03,2.4,24,64,rain
img_00064,no_entry,no_entry,0.839,0.69,5.0,98,71,clear
img_00065,stop,stop,0.745,0.93,1.7,49,81,clear
img_00066,no_entry,yield,0.556,0.06,4.8,37,47,clear
img_00067,no_entry,no_entry,0.816,0.75,2.4,37,128,clear
img_00068,speed_30,speed_30,0.825,0.2,5.1,64,76,clear
img_00069,no_entry,no_entry,0.785,0.46,0.8,30,16,snow
img_00070,stop,stop,0.784,0.52,7.6,84,72,clear
img_00071,speed_30,speed_30,0.838,0.53,6.5,91,59,rain
img_00072,yield,yield,0.873,0.95,0.9,33,49,clear
img_00073,yield,yield,0.739,0.59,6.3,119,31,fog
img_00074,no_entry,no_entry,0.851,0.32,5.7,61,42,rain
img_00075,stop,stop,0.875,0.7,4.7,104,83,clear
img_00076,no_entry,no_entry,0.896,0.39,4.2,76,56,fog
img_00077,stop,stop,0.713,0.42,8.0,108,80,snow
img_00078,speed_50,yield,0.581,0.3,4.4,75,99,fog
img_00079,yield,yield,0.835,0.49,4.6,52,65,clear
img_00080,speed_30,speed_80,0.761,0.3,6.7,110,34,clear
img_00081,no_entry,no_entry,0.798,0.26,6.1,110,90,clear
img_00082,speed_50,speed_30,0.876,0.1,6.2,99,128,fog
img_00083,stop,stop,0.902,0.45,3.8,87,108,clear
img_00084,yield,yield,0.856,0.31,2.2,32,42,clear
img_00085,speed_30,speed_30,0.791,0.73,6.4,97,109,fog
img_00086,speed_50,speed_50,0.72,0.74,7.9,104,46,rain
img_00087,stop,stop,0.902,0.36,3.7,85,28,clear
img_00088,no_entry,no_entry,0.781,0.61,8.0,75,29,clear
img_00089,no_entry,no_entry,0.834,0.87,4.9,86,104,clear
img_00090,no_entry,no_entry,0.587,0.37,6.8,88,60,clear
img_00091,stop,stop,0.736,0.55,2.8,31,119,clear
img_00092,stop,stop,0.842,0.37,3.4,36,58,fog
img_00093,speed_50,speed_50,0.914,0.64,2.4,48,22,clear
img_00094,speed_30,speed_30,0.918,0.92,4.0,67,93,clear
img_00095,yield,yield,0.749,0.17,2.1,59,82,clear
img_00096,stop,stop,0.846,0.85,4.3,90,117,rain
img_00097,stop,stop,0.721,0.65,3.5,81,124,clear
img_00098,speed_50,speed_50,0.854,0.77,4.9,100,44,clear
img_00099,speed_50,speed_50,0.927,0.62,1.1,41,43,clear
img_00100,yield,yield,0.73,0.84,4.4,101,107,clear
img_00101,no_entry,no_entry,0.93,0.34,1.4,42,58,snow
img_00102,speed_30,speed_30,0.822,0.61,6.7,41,50,rain
img_00103,speed_30,speed_50,0.59,0.28,6.0,112,33,clear
img_00104,yield,yield,0.83,0.51,5.1,104,61,clear
img_00105,speed_30,speed_30,0.914,0.59,3.7,30,53,fog
img_00106,yield,yield,0.857,0.23,4.1,77,30,clear
img_00107,speed_50,speed_30,0.767,0.1,8.0,116,35,clear
img_00108,speed_30,speed_30,0.859,0.69,4.4,87,116,rain
img_00109,yield,yield,0.775,0.78,4.7,76,29,clear
img_00110,speed_30,speed_30,0.849,0.65,4.4,106,58,clear
img_00111,no_entry,no_entry,0.816,0.26,3.8,80,60,rain
img_00112,speed_50,speed_50,0.879,0.57,5.4,60,95,fog
img_00113,stop,stop,0.773,0.12,4.7,112,63,clear
img_00114,speed_30,speed_30,0.829,0.57,6.4,112,18,fog
img_00115,speed_30,speed_30,0.788,0.57,5.0,113,83,clear
img_00116,stop,stop,0.839,0.53,5.5,109,94,rain
img_00117,no_entry,no_entry,0.924,0.37,2.5,46,77,rain
img_00118,no_entry,no_entry,0.827,0.25,6.8,101,41,clear
img_00119,stop,stop,0.773,0.71,2.4,52,123,clear
img_00120,speed_30,speed_30,0.891,0.39,3.2,58,67,rain
img_00121,yield,yield,0.755,0.73,3.6,78,89,clear
img_00122,stop,stop,0.652,0.3,3.9,73,92,rain
img_00123,yield,no_entry,0.494,0.04,5.6,109,36,rain
img_00124,stop,stop,0.822,0.54,2.6,37,35,clear
img_00125,speed_50,speed_30,0.522,0.53,5.0,80,27,rain
img_00126,yield,stop,0.644,0.89,4.7,96,75,clear
img_00127,speed_50,speed_50,0.879,0.86,,64,59,clear
img_00128,speed_50,speed_50,0.727,0.09,4.5,109,110,clear
img_00129,speed_30,speed_30,0.813,0.75,4.7,95,107,clear
img_00130,yield,yield,0.694,0.28,4.6,36,34,clear
img_00131,stop,stop,0.954,0.68,1.1,35,89,snow
img_00132,speed_50,speed_50,0.871,0.39,3.8,95,68,clear
img_00133,speed_50,speed_50,0.705,0.34,2.1,58,23,clear
img_00134,speed_50,speed_50,0.799,0.49,5.4,90,36,clear
img_00135,stop,stop,0.903,0.53,3.9,96,108,snow
img_00136,stop,stop,0.824,0.68,0.2,23,32,clear
img_00137,no_entry,no_entry,0.88,0.63,5.0,91,65,snow
img_00138,speed_30,speed_30,0.836,0.66,4.6,112,71,clear
img_00139,stop,stop,0.766,0.39,4.2,103,105,clear
img_00140,speed_50,speed_50,0.717,0.58,5.0,68,67,fog
img_00141,stop,stop,0.713,0.28,4.3,68,77,rain
img_00142,speed_50,speed_50,0.956,0.6,1.4,47,88,clear
img_00143,speed_30,speed_30,0.861,0.46,5.9,70,56,clear
img_00144,speed_50,speed_50,0.949,0.48,1.6,23,112,fog
img_00145,stop,stop,0.722,0.06,1.8,39,90,clear
img_00146,no_entry,no_entry,0.821,0.42,6.2,98,95,fog
img_00147,no_entry,no_entry,0.811,0.24,1.8,51,121,clear
img_00148,no_entry,no_entry,0.684,0.39,2.8,54,54,clear
img_00149,speed_50,speed_30,0.587,0.11,5.7,90,98,clear
img_00150,yield,yield,0.612,0.64,5.2,71,70,snow
img_00151,no_entry,no_entry,0.694,0.86,2.6,65,57,clear
img_00152,speed_30,speed_30,0.804,0.29,4.2,39,92,rain
img_00153,speed_50,speed_50,0.706,0.06,3.3,54,32,rain
img_00154,speed_50,speed_50,0.877,0.53,5.6,81,110,rain
img_00155,stop,stop,0.579,0.08,5.1,82,120,rain
img_00156,no_entry,no_entry,0.649,0.86,2.4,60,93,snow
img_00157,speed_50,speed_30,0.621,0.15,4.0,88,59,clear
img_00158,yield,speed_50,0.531,0.37,5.8,101,72,clear
img_00159,yield,yield,0.865,0.5,1.0,29,49,clear
img_00160,stop,yield,0.384,0.15,5.7,87,31,clear
img_00161,speed_30,speed_30,0.58,0.33,5.9,92,114,clear
img_00162,no_entry,no_entry,0.573,0.21,5.7,92,114,fog
img_00163,yield,yield,0.676,0.62,3.4,48,85,fog
img_00164,yield,yield,0.814,0.95,2.6,45,47,clear
img_00165,speed_50,speed_50,0.799,0.29,5.3,64,127,rain
img_00166,stop,stop,0.912,0.77,0.5,26,61,clear
img_00167,stop,stop,0.853,0.17,1.6,50,79,clear
img_00168,speed_50,speed_50,0.76,0.49,8.0,108,115,rain
img_00169,stop,stop,0.735,0.44,5.2,104,20,clear
img_00170,speed_30,speed_30,0.725,0.31,5.2,114,39,snow
img_00171,speed_50,speed_50,0.795,0.8,,22,98,clear
img_00172,speed_30,speed_30,0.771,0.65,4.6,84,119,rain
img_00173,stop,no_entry,0.645,0.08,1.2,25,113,rain
img_00174,stop,stop,0.877,0.31,5.1,113,41,clear
img_00175,speed_30,speed_30,0.85,0.79,2.8,72,105,clear
img_00176,no_entry,no_entry,0.886,0.95,6.0,91,25,clear
img_00177,speed_50,speed_50,0.824,0.52,2.1,43,82,rain
img_00178,speed_50,speed_50,0.882,0.76,4.5,81,74,rain
img_00179,speed_30,speed_30,0.726,0.87,5.6,105,113,rain
img_00180,yield,yield,0.788,0.72,2.8,62,105,clear
img_00181,speed_30,speed_30,0.803,0.55,5.4,100,20,fog
img_00182,stop,stop,0.739,0.16,4.7,55,61,rain
img_00183,speed_30,speed_30,0.802,0.3,3.2,42,24,fog
img_00184,speed_50,speed_50,0.825,0.61,3.0,69,111,clear
img_00185,stop,speed_30,0.621,0.81,6.1,89,18,fog
img_00186,speed_50,speed_50,0.717,0.32,3.5,42,60,clear
img_00187,speed_50,speed_50,0.789,0.4,6.3,72,91,clear
img_00188,stop,stop,0.723,0.06,5.8,63,108,clear
img_00189,no_entry,no_entry,0.84,0.68,4.6,106,118,clear
img_00190,yield,yield,0.823,0.45,3.0,71,28,clear
img_00191,no_entry,no_entry,0.974,0.77,0.7,21,45,clear
img_00192,yield,yield,0.879,0.25,2.5,23,48,clear
img_00193,speed_30,speed_30,0.692,0.65,3.7,71,46,clear
img_00194,no_entry,no_entry,0.821,0.66,4.4,59,29,clear
img_00195,speed_50,speed_50,0.849,0.47,4.9,26,99,clear
img_00196,speed_30,speed_50,0.439,0.13,5.6,48,99,rain
img_00197,stop,stop,0.778,0.41,3.6,54,68,clear
img_00198,speed_30,speed_30,0.716,0.73,3.5,84,69,clear
img_00199,speed_30,speed_30,0.724,0.13,2.7,41,104,fog
img_00200,stop,no_entry,0.668,0.12,5.3,101,90,clear
img_00201,yield,yield,0.741,0.39,8.0,89,33,rain
img_00202,no_entry,no_entry,0.754,0.18,6.6,82,42,rain
img_00203,speed_30,speed_30,0.687,0.7,5.7,91,73,rain
img_00204,stop,stop,0.802,0.79,4.7,87,99,clear
img_00205,speed_50,speed_50,0.924,0.91,1.5,29,126,clear
img_00206,speed_30,speed_30,0.79,0.81,4.1,82,128,clear
img_00207,no_entry,stop,0.449,0.56,2.0,40,73,rain
img_00208,speed_30,speed_30,0.778,0.21,2.5,45,24,snow
img_00209,stop,stop,0.88,0.72,5.2,99,81,fog
img_00210,stop,stop,0.826,0.71,3.3,58,52,clear
img_00211,,stop,0.679,0.73,7.8,99,38,clear
img_00212,no_entry,no_entry,0.871,0.68,4.5,105,114,clear
img_00213,yield,yield,0.87,0.8,3.0,45,111,clear
img_00214,yield,yield,0.748,0.23,6.6,115,112,rain
img_00215,no_entry,no_entry,0.795,0.58,3.5,65,19,rain
img_00216,stop,stop,0.718,0.52,2.4,38,114,clear
img_00217,speed_50,speed_50,0.859,0.27,2.8,48,116,fog
img_00218,no_entry,no_entry,0.837,0.26,1.8,21,41,rain
img_00219,no_entry,no_entry,0.785,0.18,4.2,37,78,clear
img_00220,stop,stop,0.713,0.41,8.0,117,79,rain
img_00221,speed_30,speed_30,0.889,0.3,2.5,34,69,fog
img_00222,yield,yield,0.841,0.43,,106,25,clear
img_00223,speed_50,speed_50,0.656,0.82,4.4,86,28,clear
img_00224,yield,yield,0.807,0.59,3.9,81,64,rain
img_00225,stop,stop,0.557,0.59,5.9,109,46,rain
img_00226,yield,yield,0.729,0.95,6.1,102,81,clear
img_00227,stop,speed_30,0.425,0.16,4.1,72,83,rain
img_00228,speed_50,speed_50,0.929,0.43,3.9,80,45,rain
img_00229,yield,stop,0.605,0.05,8.0,119,63,fog
img_00230,speed_30,speed_30,0.76,0.32,7.1,111,63,rain
img_00231,yield,yield,0.865,0.91,2.5,53,125,clear
img_00232,yield,yield,0.785,0.04,3.3,44,57,rain
img_00233,yield,yield,0.916,0.66,2.3,23,75,fog
img_00234,yield,yield,0.731,0.76,5.7,64,25,fog
img_00235,speed_50,speed_50,0.862,0.51,4.8,82,58,clear
img_00236,stop,stop,0.82,0.77,3.4,87,23,clear
img_00237,speed_50,speed_50,0.844,0.37,7.2,120,24,rain
img_00238,yield,yield,0.802,0.37,1.3,41,104,clear
img_00239,stop,stop,0.876,0.51,3.2,70,18,clear
img_00240,stop,stop,0.721,0.22,4.8,92,16,snow
img_00241,no_entry,no_entry,0.912,0.32,2.5,29,115,clear
img_00242,stop,stop,0.609,0.32,4.0,46,127,clear
img_00243,yield,yield,0.831,0.95,4.4,94,35,clear
img_00244,no_entry,no_entry,0.773,0.27,6.9,91,117,rain
img_00245,stop,stop,0.797,0.25,4.5,40,109,clear
img_00246,stop,stop,0.704,0.9,4.7,101,127,clear
img_00247,yield,no_entry,0.373,0.17,6.3,108,62,clear
img_00248,speed_50,speed_50,0.915,0.85,3.1,62,104,rain
img_00249,stop,stop,0.943,0.75,2.9,53,24,fog
img_00250,no_entry,no_entry,0.66,0.64,7.8,120,16,clear
img_00251,stop,stop,0.916,0.43,2.4,46,20,clear
img_00252,speed_30,speed_30,0.82,0.22,3.9,83,29,clear
img_00253,speed_50,speed_50,0.838,0.14,2.4,56,117,clear
img_00254,speed_30,stop,0.576,0.14,3.9,96,52,clear
img_00255,speed_30,speed_30,0.884,0.36,5.5,82,56,clear
img_00256,speed_30,speed_30,0.909,0.41,0.4,22,36,clear
img_00257,yield,stop,0.437,0.89,6.3,25,73,clear
img_00258,no_entry,no_entry,0.881,0.45,1.9,31,22,rain
img_00259,speed_30,speed_30,0.845,0.95,6.1,119,41,clear
img_00260,speed_50,speed_50,0.639,0.7,7.1,91,119,clear
img_00261,speed_30,speed_30,0.889,0.17,1.7,52,117,clear
img_00262,no_entry,no_entry,0.866,0.47,7.6,115,118,rain
img_00263,yield,yield,0.842,0.19,2.0,50,54,clear
img_00264,stop,stop,0.673,0.08,4.0,83,102,clear
img_00265,no_entry,no_entry,0.673,0.91,5.2,68,25,clear
img_00266,speed_30,speed_30,0.783,0.35,5.9,112,44,clear
img_00267,speed_50,speed_50,0.703,0.13,3.7,68,48,fog
img_00268,speed_50,speed_50,0.633,0.13,0.8,25,112,clear
img_00269,speed_50,speed_50,0.859,0.64,2.1,60,109,clear
img_00270,speed_50,speed_50,0.803,0.38,5.7,110,108,fog
img_00271,speed_50,speed_80,0.509,0.02,3.5,59,56,rain
img_00272,stop,stop,0.794,0.7,4.9,108,52,clear
img_00273,speed_50,speed_50,0.852,0.28,1.8,23,111,clear
img_00274,stop,stop,0.786,0.68,5.1,83,30,fog
img_00275,no_entry,no_entry,0.881,0.49,0.9,35,69,clear
img_00276,stop,yield,0.314,0.45,7.0,63,31,rain
img_00277,speed_50,speed_50,0.89,0.46,2.9,74,82,clear
img_00278,speed_50,speed_50,0.766,0.58,5.6,91,62,rain
img_00279,stop,stop,0.764,0.87,5.0,93,91,rain
img_00280,speed_50,speed_50,0.845,0.69,2.6,44,110,fog
img_00281,,speed_50,0.456,0.02,5.1,90,39,rain
img_00282,stop,stop,0.894,0.5,4.1,87,24,clear
img_00283,no_entry,no_entry,0.858,0.26,0.1,21,26,clear
img_00284,speed_30,speed_50,0.567,0.13,6.8,90,64,clear
img_00285,speed_30,stop,0.407,0.14,8.0,114,103,rain
img_00286,no_entry,no_entry,0.803,0.27,3.2,74,56,clear
img_00287,stop,stop,0.949,0.92,1.8,39,104,clear
img_00288,stop,stop,0.885,0.73,3.8,46,116,clear
img_00289,no_entry,no_entry,0.855,0.74,,97,125,rain
img_00290,stop,stop,0.681,0.6,6.5,20,33,fog
img_00291,speed_50,speed_50,0.929,0.33,1.8,36,85,clear
img_00292,stop,stop,0.859,0.4,2.8,39,90,clear
img_00293,speed_50,speed_50,0.881,0.37,3.8,43,77,rain
img_00294,speed_30,speed_50,0.695,0.23,8.0,104,52,rain
img_00295,speed_30,speed_30,0.733,0.35,2.1,32,61,rain
img_00296,speed_30,speed_30,0.884,0.75,2.7,41,89,snow
img_00297,yield,stop,0.849,0.03,7.6,109,71,fog
img_00298,speed_30,speed_50,0.612,0.21,5.9,27,108,fog
img_00299,speed_50,speed_50,0.796,0.4,2.7,50,37,rain
img_00300,stop,stop,0.903,0.66,2.2,44,109,clear
img_00301,no_entry,no_entry,0.627,0.55,7.8,100,85,rain
img_00302,speed_50,speed_50,0.736,0.71,3.6,72,111,clear
img_00303,stop,stop,0.625,0.06,3.1,35,17,rain
img_00304,yield,yield,0.762,0.13,4.1,79,49,rain
img_00305,yield,yield,0.774,0.24,5.9,111,122,rain
img_00306,speed_50,speed_50,0.894,0.3,4.5,108,47,clear
img_00307,speed_30,speed_30,0.798,0.74,7.8,113,66,clear
img_00308,yield,yield,0.812,0.95,,106,29,clear
img_00309,speed_50,speed_50,0.8,0.67,5.0,107,116,clear
img_00310,stop,no_entry,0.699,0.02,6.7,117,44,fog
img_00311,speed_50,speed_50,0.802,0.31,3.5,81,121,clear
img_00312,speed_50,speed_50,0.729,0.78,4.5,109,29,clear
img_00313,stop,stop,0.871,0.89,2.3,52,110,clear
img_00314,speed_30,speed_30,0.911,0.51,3.7,65,104,rain
img_00315,speed_30,speed_30,0.926,0.36,1.9,53,18,clear
img_00316,no_entry,yield,0.627,0.29,2.4,34,21,fog
img_00317,yield,yield,0.848,0.54,2.5,26,84,fog
img_00318,speed_30,speed_30,0.692,0.84,5.5,116,37,clear
img_00319,no_entry,no_entry,0.874,0.35,5.9,88,124,clear
img_00320,stop,no_entry,0.483,0.14,2.1,43,105,rain
img_00321,no_entry,speed_30,0.7,0.04,5.6,53,83,snow
img_00322,yield,yield,0.643,0.17,4.2,82,102,clear
img_00323,yield,speed_50,0.628,0.74,3.9,33,16,rain
img_00324,no_entry,no_entry,0.82,0.53,3.7,46,126,fog
img_00325,yield,yield,0.829,0.87,2.3,29,117,fog
img_00326,yield,speed_50,0.408,0.1,8.0,102,59,clear
img_00327,stop,stop,0.833,0.38,4.7,58,103,clear
img_00328,speed_50,speed_80,0.415,0.77,3.8,40,21,snow
img_00329,speed_50,speed_50,0.8,0.65,6.8,39,50,clear
img_00330,yield,no_entry,0.428,0.1,3.1,62,107,clear
img_00331,speed_30,speed_30,0.816,0.41,3.8,89,31,clear
img_00332,yield,yield,0.636,0.63,1.5,42,48,clear
img_00333,speed_50,speed_50,0.813,0.59,3.7,40,90,rain
img_00334,yield,yield,0.856,0.46,6.2,106,103,clear
img_00335,speed_30,speed_30,0.878,0.13,1.4,20,107,fog
img_00336,no_entry,no_entry,0.765,0.93,4.5,82,18,clear
img_00337,yield,yield,0.876,0.39,2.6,21,63,rain
img_00338,no_entry,no_entry,0.79,0.7,3.4,83,19,clear
img_00339,speed_30,speed_30,0.817,0.53,8.0,47,63,clear
img_00340,speed_50,speed_30,0.56,0.11,5.2,51,83,clear
img_00341,yield,no_entry,0.743,0.26,5.7,70,44,clear
img_00342,speed_50,speed_50,0.803,0.1,1.2,37,93,clear
img_00343,speed_50,speed_30,0.737,0.14,5.3,93,46,rain
img_00344,speed_30,speed_30,0.792,0.22,4.9,106,79,clear
img_00345,no_entry,no_entry,0.938,0.42,2.2,63,85,clear
img_00346,speed_30,speed_30,0.871,0.34,4.6,97,76,snow
img_00347,stop,stop,0.797,0.29,5.3,97,17,fog
img_00348,no_entry,no_entry,0.796,0.71,6.6,94,83,fog
img_00349,speed_30,speed_50,0.351,0.06,4.6,97,55,clear
img_00350,speed_30,speed_80,0.872,0.14,6.9,120,30,clear
img_00351,speed_30,speed_30,0.89,0.78,1.7,43,89,clear
img_00352,stop,stop,0.873,0.53,3.8,76,23,clear
img_00353,yield,yield,0.811,0.44,7.3,116,37,clear
img_00354,stop,stop,0.855,0.29,1.7,38,55,clear
img_00355,speed_50,speed_50,0.785,0.54,6.2,54,35,clear
img_00356,no_entry,no_entry,0.802,0.24,3.8,81,77,clear
img_00357,speed_50,speed_50,0.725,0.75,3.2,28,98,fog
img_00358,speed_50,speed_50,0.888,0.8,1.7,49,44,clear
img_00359,yield,yield,0.692,0.34,1.6,51,124,clear
img_00360,stop,no_entry,0.72,0.02,6.0,71,36,rain
img_00361,speed_30,speed_30,0.643,0.86,6.1,75,114,clear
img_00362,stop,stop,0.764,0.31,6.5,66,66,clear
img_00363,yield,yield,0.615,0.64,5.6,102,102,clear
img_00364,yield,yield,0.822,0.83,5.9,76,62,clear
img_00365,stop,stop,0.713,0.69,8.0,95,115,rain
img_00366,speed_50,speed_50,0.841,0.83,5.7,113,46,clear
img_00367,speed_30,speed_30,0.762,0.49,3.1,77,19,clear
img_00368,speed_50,speed_50,0.799,0.73,5.7,101,120,rain
img_00369,no_entry,no_entry,0.806,0.38,3.9,67,86,fog
img_00370,yield,yield,0.853,0.28,4.8,61,122,clear
img_00371,no_entry,no_entry,0.846,0.48,1.1,24,46,clear
img_00372,speed_50,speed_50,0.786,0.35,4.9,102,21,clear
img_00373,speed_30,speed_30,0.906,0.75,2.4,28,65,snow
img_00374,no_entry,no_entry,0.766,0.81,7.0,106,70,snow
img_00375,speed_30,speed_30,0.763,0.17,4.2,35,74,clear
img_00376,stop,stop,0.659,0.19,7.1,98,42,snow
img_00377,stop,stop,0.667,0.39,6.0,119,114,clear
img_00378,yield,yield,0.655,0.47,8.0,75,53,clear
img_00379,speed_50,speed_50,0.827,0.92,5.2,97,67,clear
img_00380,speed_30,speed_30,0.727,0.83,8.0,110,19,fog
img_00381,speed_50,speed_50,0.707,0.93,4.3,104,66,clear
img_00382,,stop,0.66,0.71,2.7,69,25,clear
img_00383,yield,yield,0.663,0.66,5.3,112,76,clear
img_00384,speed_30,speed_30,0.832,0.29,1.4,30,19,clear
img_00385,speed_50,speed_50,0.904,0.38,2.3,30,49,clear
img_00386,speed_30,speed_50,0.712,0.04,3.9,47,30,clear
img_00387,stop,stop,0.822,0.73,6.9,120,25,fog
img_00388,yield,stop,0.486,0.21,7.4,86,89,rain
img_00389,speed_50,speed_50,0.547,0.03,2.2,38,127,fog
img_00390,speed_50,speed_30,0.718,0.25,2.7,58,24,rain
img_00391,,yield,0.73,0.26,2.9,21,70,rain
img_00392,no_entry,yield,0.649,0.63,5.0,62,116,fog
img_00393,stop,yield,0.709,0.02,8.0,80,118,rain
img_00394,yield,yield,0.844,0.17,3.2,60,106,rain
img_00395,speed_30,speed_30,0.805,0.86,7.4,70,17,clear
img_00396,speed_50,speed_30,0.731,0.83,1.0,39,46,clear
img_00397,speed_30,speed_80,0.638,0.54,3.1,27,18,rain
img_00398,speed_50,speed_50,0.775,0.55,5.0,29,94,clear
img_00399,no_entry,no_entry,0.701,0.16,4.8,88,60,fog
img_00400,yield,yield,0.908,0.85,4.8,24,123,clear
img_00401,stop,stop,0.963,0.74,0.9,38,41,clear
img_00402,speed_30,speed_30,0.864,0.43,5.7,87,29,fog
img_00403,speed_30,speed_30,0.728,0.19,4.5,100,60,clear
img_00404,stop,stop,0.759,0.24,3.0,52,79,clear
img_00405,stop,stop,0.869,0.39,2.6,69,65,clear
img_00406,speed_50,speed_50,0.798,0.34,2.5,66,68,snow
img_00407,no_entry,no_entry,0.715,0.1,8.0,97,72,clear
img_00408,no_entry,no_entry,0.855,0.33,6.3,114,51,rain
img_00409,yield,yield,0.77,0.45,4.3,104,25,clear
img_00410,speed_30,speed_30,0.743,0.22,4.5,83,48,rain
img_00411,speed_50,speed_50,0.822,0.31,5.7,95,70,rain
img_00412,no_entry,speed_30,0.606,0.27,7.1,101,25,rain
img_00413,yield,yield,0.815,0.39,7.9,106,60,snow
img_00414,no_entry,no_entry,0.676,0.61,8.0,96,89,clear
img_00415,speed_50,speed_50,0.888,0.5,3.6,92,26,clear
img_00416,stop,yield,0.768,0.14,6.0,116,38,rain
img_00417,speed_30,speed_30,0.774,0.69,5.5,56,123,fog
img_00418,stop,stop,0.838,0.51,2.4,26,63,clear
img_00419,speed_30,speed_30,0.876,0.38,3.9,70,40,rain
img_00420,speed_30,speed_30,0.881,0.7,2.9,58,120,clear
img_00421,speed_50,speed_50,0.888,0.73,0.4,24,35,clear
img_00422,yield,yield,0.802,0.74,7.8,115,55,rain
img_00423,speed_50,speed_50,0.877,0.79,6.0,118,114,clear
img_00424,speed_50,speed_50,0.905,0.58,3.3,66,51,rain
img_00425,speed_30,speed_30,0.833,0.7,4.8,93,31,clear
img_00426,speed_30,speed_30,0.674,0.18,4.9,115,121,snow
img_00427,speed_30,speed_30,0.87,0.68,4.2,68,127,clear
img_00428,speed_30,speed_30,0.849,0.27,2.1,38,81,clear
img_00429,speed_30,speed_50,0.793,0.2,2.8,31,40,rain
img_00430,no_entry,no_entry,0.759,0.15,0.7,26,80,clear
img_00431,stop,stop,0.825,0.33,4.5,26,42,rain
img_00432,no_entry,stop,0.367,0.06,6.8,110,41,clear
img_00433,speed_50,speed_50,0.718,0.64,4.1,91,100,clear
img_00434,stop,stop,0.882,0.73,3.0,61,88,clear
img_00435,speed_50,speed_50,0.857,0.67,6.1,117,57,fog
img_00436,yield,no_entry,0.872,0.16,3.3,71,58,clear
img_00437,speed_30,speed_30,0.675,0.63,6.4,57,77,clear
img_00438,speed_30,speed_30,0.743,0.73,5.7,114,77,rain
img_00439,speed_50,speed_30,0.722,0.07,6.6,93,19,clear
img_00440,speed_30,speed_30,0.895,0.22,1.2,42,60,clear
img_00441,speed_50,speed_50,0.768,0.29,3.6,90,76,clear
img_00442,stop,stop,0.853,0.47,5.6,117,25,clear
img_00443,stop,stop,0.695,0.2,2.8,59,94,clear
img_00444,speed_50,speed_50,0.804,0.46,4.1,60,115,fog
img_00445,no_entry,no_entry,0.846,0.36,,74,99,clear
img_00446,stop,stop,0.886,0.64,1.6,44,94,clear
img_00447,no_entry,no_entry,0.852,0.45,8.0,114,112,rain
img_00448,yield,yield,0.937,0.59,2.8,43,124,rain
img_00449,speed_50,speed_50,0.72,0.27,4.2,101,42,clear
img_00450,yield,yield,0.81,0.61,4.5,72,50,rain
img_00451,speed_50,speed_50,0.836,0.72,4.0,86,60,clear
img_00452,speed_30,speed_30,0.891,0.62,4.1,67,47,rain
img_00453,speed_50,speed_50,0.731,0.02,4.7,89,105,rain
img_00454,yield,yield,0.639,0.83,5.3,109,31,rain
img_00455,yield,yield,0.713,0.49,3.9,76,32,rain
img_00456,speed_50,speed_50,0.93,0.29,0.9,25,50,clear
img_00457,stop,stop,0.851,0.44,3.9,94,103,clear
img_00458,no_entry,no_entry,0.833,0.52,3.3,24,52,clear
img_00459,speed_30,speed_30,0.783,0.44,4.3,76,89,rain
img_00460,no_entry,no_entry,0.789,0.27,5.5,35,36,clear
img_00461,stop,stop,0.849,0.28,4.3,103,63,clear
img_00462,speed_50,yield,0.429,0.29,5.7,81,45,rain
img_00463,stop,stop,0.808,0.76,3.5,85,53,clear
img_00464,stop,stop,0.827,0.44,4.2,98,49,clear
img_00465,speed_30,speed_50,0.526,0.02,4.2,44,43,fog
img_00466,speed_30,speed_50,0.56,0.46,5.5,68,112,clear
img_00467,speed_30,speed_30,0.689,0.15,3.8,40,84,fog
img_00468,speed_30,speed_30,0.773,0.02,4.3,81,66,rain
img_00469,stop,stop,0.731,0.94,2.2,61,96,clear
img_00470,speed_50,speed_50,0.809,0.23,4.2,84,108,rain
img_00471,yield,yield,0.835,0.53,4.0,81,32,clear
img_00472,yield,yield,0.778,0.37,0.6,21,21,clear
img_00473,speed_50,speed_80,0.764,0.02,5.3,40,21,fog
img_00474,speed_50,speed_50,0.899,0.87,2.5,44,37,clear
img_00475,speed_50,speed_50,0.874,0.9,2.2,58,53,clear
img_00476,no_entry,yield,0.753,0.13,6.1,120,123,rain
img_00477,no_entry,no_entry,0.861,0.34,4.2,67,21,rain
img_00478,stop,stop,0.939,0.38,1.8,53,21,clear
img_00479,no_entry,no_entry,0.737,0.19,,105,48,clear
img_00480,speed_30,speed_30,0.822,0.65,5.5,115,23,clear
img_00481,speed_30,speed_30,0.928,0.76,2.6,49,95,clear
img_00482,yield,yield,0.845,0.74,3.2,69,74,clear
img_00483,yield,yield,0.914,0.66,0.8,33,90,clear
img_00484,speed_30,speed_30,0.777,0.06,2.6,42,48,snow
img_00485,stop,stop,0.695,0.25,3.2,73,127,clear
img_00486,speed_50,speed_50,0.968,0.51,0.6,20,37,clear
img_00487,yield,yield,0.709,0.69,5.2,92,106,clear
img_00488,speed_50,speed_50,0.814,0.4,3.0,41,84,clear
img_00489,speed_50,speed_50,0.794,0.45,8.0,71,116,snow
img_00490,speed_30,speed_30,0.742,0.73,3.4,52,84,fog
img_00491,stop,no_entry,0.763,0.06,3.2,44,82,clear
img_00492,speed_30,speed_30,0.771,0.29,7.0,64,37,clear
img_00493,yield,yield,0.83,0.23,5.1,88,39,fog
img_00494,speed_50,speed_50,0.841,0.95,4.7,65,76,clear
img_00495,speed_50,speed_50,0.81,0.17,4.4,90,52,rain
img_00496,speed_30,speed_50,0.742,0.08,4.9,75,67,clear
img_00497,speed_50,speed_50,0.727,0.34,5.5,95,59,fog
img_00498,stop,stop,0.801,0.64,2.5,67,111,clear
img_00499,speed_50,speed_50,0.735,0.18,3.3,80,124,clear
img_00500,no_entry,no_entry,0.908,0.81,4.5,23,23,clear
img_00501,no_entry,no_entry,0.871,0.22,1.3,37,94,clear
img_00502,speed_50,speed_50,0.813,0.61,7.7,46,42,fog
img_00503,speed_30,speed_50,0.545,0.11,4.4,78,44,fog
img_00504,no_entry,no_entry,0.846,0.85,6.4,117,79,clear
img_00505,speed_30,speed_30,0.664,0.15,2.4,32,53,rain
img_00506,stop,stop,0.8,0.71,2.3,22,19,clear
img_00507,speed_30,speed_30,0.78,0.81,3.5,85,52,clear
img_00508,no_entry,no_entry,0.834,0.27,4.3,94,111,clear
img_00509,speed_50,speed_50,0.808,0.13,5.0,109,104,clear
img_00510,speed_50,speed_50,0.833,0.58,3.6,68,125,clear
img_00511,stop,stop,0.754,0.42,5.9,98,88,rain
img_00512,no_entry,no_entry,0.836,0.4,4.9,91,53,rain
img_00513,no_entry,no_entry,0.942,0.76,1.7,22,94,clear
img_00514,speed_30,speed_30,0.943,0.39,2.8,53,103,rain
img_00515,no_entry,yield,0.485,0.42,5.7,92,55,rain
img_00516,stop,stop,0.922,0.49,1.9,57,44,clear
img_00517,yield,yield,0.779,0.46,5.6,79,45,clear
img_00518,stop,stop,0.777,0.33,4.5,72,123,rain
img_00519,speed_50,speed_50,0.787,0.19,4.2,85,123,clear
img_00520,no_entry,no_entry,0.787,0.23,5.4,111,39,rain
img_00521,no_entry,stop,0.728,0.28,8.0,107,44,clear
img_00522,stop,stop,0.846,0.19,2.7,53,16,rain
img_00523,speed_50,speed_50,0.859,0.76,3.3,65,101,clear
img_00524,speed_30,speed_30,0.861,0.14,0.4,28,23,clear
img_00525,yield,yield,0.623,0.23,4.5,101,29,clear
img_00526,no_entry,no_entry,0.841,0.44,2.1,23,67,rain
img_00527,speed_30,speed_50,0.781,0.33,4.5,65,42,clear
img_00528,stop,stop,0.798,0.26,5.3,109,20,snow
img_00529,yield,yield,0.789,0.38,5.6,113,21,clear
img_00530,speed_50,speed_50,0.819,0.5,7.1,51,126,clear
img_00531,no_entry,no_entry,0.862,0.66,5.3,116,18,clear
img_00532,stop,stop,0.659,0.93,0.9,32,87,clear
img_00533,speed_30,speed_30,0.722,0.82,4.4,92,66,clear
img_00534,stop,stop,0.728,0.36,4.6,80,80,rain
img_00535,no_entry,no_entry,0.863,0.38,7.0,101,128,rain
img_00536,stop,stop,0.727,0.42,4.3,105,86,clear
img_00537,no_entry,no_entry,0.894,0.26,2.4,64,65,clear
img_00538,speed_30,speed_30,0.804,0.92,4.1,80,63,clear
img_00539,speed_50,speed_80,0.815,0.02,5.3,94,16,rain
img_00540,speed_50,speed_50,0.684,0.23,7.0,35,116,clear
img_00541,speed_30,speed_30,0.822,0.57,4.7,81,98,fog
img_00542,speed_30,speed_30,0.842,0.5,3.8,60,96,rain
img_00543,stop,stop,0.721,0.22,3.3,56,54,rain
img_00544,yield,yield,0.865,0.82,4.2,46,64,rain
img_00545,stop,stop,0.902,0.34,3.6,67,97,rain
img_00546,yield,yield,0.787,0.59,2.3,21,48,clear
img_00547,speed_50,speed_30,0.649,0.12,6.0,81,112,clear
img_00548,speed_30,speed_30,0.879,0.86,5.1,117,32,clear
img_00549,speed_30,speed_50,0.757,0.13,2.6,68,42,clear
img_00550,speed_30,speed_30,0.847,0.4,3.3,66,51,clear
img_00551,no_entry,no_entry,0.827,0.85,4.1,66,75,clear
img_00552,no_entry,no_entry,0.8,0.83,2.0,33,55,rain
img_00553,yield,yield,0.945,0.87,3.0,74,62,clear
img_00554,speed_30,speed_30,0.624,0.8,8.0,109,25,clear
img_00555,no_entry,no_entry,0.751,0.25,5.7,108,22,clear
img_00556,yield,stop,0.704,0.07,7.2,119,120,clear
img_00557,speed_50,speed_50,0.858,0.46,1.7,36,71,snow
img_00558,speed_50,speed_30,0.741,0.1,5.8,102,45,clear
img_00559,speed_50,speed_50,0.614,0.92,7.6,70,35,clear
img_00560,speed_30,speed_30,0.791,0.05,2.2,45,77,clear
img_00561,speed_50,speed_50,0.655,0.34,8.0,96,74,clear
img_00562,yield,yield,0.813,0.23,2.0,39,23,clear
img_00563,no_entry,stop,0.653,0.05,3.2,66,73,clear
img_00564,speed_30,speed_30,0.855,0.5,5.0,73,78,clear
img_00565,yield,stop,0.759,0.11,4.3,76,91,clear
img_00566,speed_50,speed_50,0.76,0.79,3.9,78,88,rain
img_00567,speed_50,speed_50,0.862,0.67,0.8,29,45,clear
img_00568,no_entry,no_entry,0.742,0.3,7.8,108,25,rain
img_00569,speed_50,speed_50,0.96,0.81,1.3,39,17,clear
img_00570,speed_30,stop,0.651,0.77,5.3,117,126,clear
img_00571,yield,yield,0.751,0.26,6.5,116,26,rain
img_00572,speed_30,speed_30,0.799,0.82,,111,34,clear
img_00573,yield,yield,0.857,0.82,3.2,49,19,fog
img_00574,speed_50,speed_50,0.916,0.53,3.9,54,45,fog
img_00575,no_entry,no_entry,0.817,0.28,5.1,98,73,rain
img_00576,speed_30,speed_30,0.767,0.87,6.5,79,99,clear
img_00577,stop,stop,0.844,0.83,5.9,119,81,rain
img_00578,stop,stop,0.898,0.28,2.3,32,54,rain
img_00579,no_entry,no_entry,0.76,0.04,4.4,79,86,rain
img_00580,yield,yield,0.892,0.84,4.1,72,115,clear
img_00581,speed_50,speed_50,0.614,0.65,8.0,114,21,snow
img_00582,no_entry,no_entry,0.825,0.17,2.3,27,42,fog
img_00583,no_entry,no_entry,0.882,0.56,3.6,63,65,clear
img_00584,speed_30,speed_30,0.858,0.32,1.1,31,51,clear
img_00585,no_entry,no_entry,0.814,0.89,3.9,96,104,clear
img_00586,speed_30,speed_30,0.778,0.27,6.1,32,94,fog
img_00587,no_entry,no_entry,0.662,0.14,8.0,118,117,fog
img_00588,speed_50,speed_30,0.471,0.08,3.4,50,113,snow
img_00589,stop,stop,0.791,0.28,3.2,64,31,rain
img_00590,speed_50,speed_50,0.932,0.87,2.6,51,115,rain
img_00591,stop,stop,0.859,0.16,3.1,54,102,rain
img_00592,no_entry,no_entry,0.857,0.46,4.1,91,48,clear
img_00593,stop,stop,0.746,0.93,2.5,57,56,snow
img_00594,speed_50,speed_30,0.439,0.02,1.5,27,75,rain
img_00595,stop,stop,0.789,0.31,4.1,35,56,clear
img_00596,speed_30,speed_30,0.943,0.8,0.7,31,62,clear
img_00597,yield,yield,0.699,0.13,5.2,119,104,clear
img_00598,no_entry,no_entry,0.859,0.81,7.1,86,92,rain
img_00599,yield,yield,0.858,0.73,6.4,114,99,rain
img_00600,speed_50,speed_30,0.512,0.17,6.3,87,41,clear
img_00601,no_entry,no_entry,0.729,0.5,5.2,89,18,fog
img_00602,stop,stop,0.871,0.47,5.1,91,110,rain
img_00603,speed_50,speed_50,0.758,0.68,5.3,109,84,clear
img_00604,stop,stop,0.806,0.32,3.8,92,96,clear
img_00605,speed_50,speed_80,0.43,0.39,8.0,66,44,clear
img_00606,no_entry,no_entry,0.773,0.26,8.0,86,35,clear
img_00607,stop,stop,0.894,0.31,3.0,59,57,clear
img_00608,no_entry,no_entry,0.751,0.2,4.6,75,51,clear
img_00609,speed_30,speed_30,0.898,0.79,5.4,34,20,fog
img_00610,yield,yield,0.665,0.86,4.5,94,53,clear
img_00611,no_entry,no_entry,0.681,0.29,2.5,23,85,fog
img_00612,yield,yield,0.845,0.6,1.8,28,121,rain
img_00613,stop,stop,0.864,0.41,5.1,44,124,fog
img_00614,yield,yield,0.851,0.3,2.4,41,67,clear
img_00615,no_entry,no_entry,0.902,0.36,4.3,96,120,clear
img_00616,no_entry,no_entry,0.81,0.85,4.9,94,85,rain
img_00617,speed_30,speed_30,0.849,0.35,2.8,43,102,clear
img_00618,speed_30,speed_30,0.661,0.57,2.7,39,121,clear
img_00619,speed_30,speed_30,0.755,0.83,4.6,54,114,rain
img_00620,speed_50,speed_50,0.796,0.23,4.4,73,60,rain
img_00621,stop,stop,0.709,0.78,3.9,92,52,clear
img_00622,speed_50,speed_80,0.518,0.14,2.4,46,122,clear
img_00623,no_entry,no_entry,0.816,0.63,5.3,90,120,fog
img_00624,speed_30,speed_30,0.906,0.78,2.5,63,49,clear
img_00625,speed_30,speed_30,0.787,0.73,2.7,27,63,rain
img_00626,no_entry,no_entry,0.774,0.94,6.4,104,17,clear
img_00627,speed_30,speed_30,0.877,0.61,2.5,53,100,rain
img_00628,yield,yield,0.776,0.94,6.5,86,27,clear
img_00629,no_entry,no_entry,0.855,0.3,1.6,48,104,clear
img_00630,speed_30,speed_30,0.903,0.52,2.5,64,94,clear
img_00631,speed_50,speed_50,0.835,0.24,3.9,85,65,clear
img_00632,yield,stop,0.736,0.04,4.8,47,59,fog
img_00633,speed_50,speed_50,0.777,0.44,0.5,27,122,clear
img_00634,yield,yield,0.838,0.7,5.2,101,110,clear
img_00635,speed_50,speed_50,0.948,0.68,2.0,28,110,rain
img_00636,speed_30,speed_50,0.375,0.02,5.3,86,76,rain
img_00637,no_entry,no_entry,0.899,0.91,3.3,80,103,clear
img_00638,speed_30,speed_30,0.726,0.19,3.0,64,93,rain
img_00639,no_entry,no_entry,0.69,0.31,3.9,36,118,clear
img_00640,speed_30,speed_30,0.852,0.73,6.1,107,55,fog
img_00641,speed_50,speed_50,0.862,0.86,2.4,59,72,clear
img_00642,yield,yield,0.86,0.64,5.9,89,82,rain
img_00643,speed_30,speed_30,0.8,0.27,5.5,105,28,rain
img_00644,speed_50,speed_50,0.799,0.39,6.8,119,94,rain
img_00645,stop,stop,0.831,0.81,5.6,100,22,clear
img_00646,speed_30,speed_30,0.841,0.29,4.8,87,58,rain
img_00647,no_entry,no_entry,0.815,0.7,,118,69,rain
img_00648,stop,stop,0.631,0.76,5.0,110,71,clear
img_00649,speed_30,speed_30,0.771,0.47,0.4,23,91,clear
img_00650,speed_50,speed_50,0.796,0.86,3.3,75,111,snow
img_00651,speed_30,speed_30,0.772,0.31,3.3,51,27,rain
img_00652,stop,stop,0.785,0.73,5.0,91,121,clear
img_00653,speed_30,speed_30,0.799,0.55,2.6,32,63,rain
img_00654,speed_30,speed_30,0.878,0.34,5.7,105,55,clear
img_00655,no_entry,stop,0.287,0.53,6.2,117,91,clear
img_00656,speed_50,speed_50,0.855,0.52,3.6,29,23,fog
img_00657,speed_50,speed_80,0.561,0.53,4.3,96,119,clear
img_00658,yield,yield,0.772,0.14,2.8,67,111,clear
img_00659,no_entry,no_entry,0.727,0.95,8.0,120,29,clear
img_00660,speed_50,speed_50,0.885,0.93,3.7,81,66,clear
img_00661,stop,yield,0.576,0.07,8.0,115,21,clear
img_00662,speed_50,speed_50,0.75,0.91,0.6,25,125,clear
img_00663,no_entry,no_entry,0.862,0.53,5.6,81,125,clear
img_00664,speed_50,speed_30,0.686,0.16,8.0,99,102,clear
img_00665,no_entry,no_entry,0.899,0.79,1.7,25,77,clear
img_00666,yield,yield,0.839,0.44,5.4,92,57,clear
img_00667,speed_30,speed_30,0.776,0.62,8.0,105,39,rain
img_00668,speed_30,speed_30,0.798,0.72,6.1,114,112,fog
img_00669,yield,yield,0.896,0.53,3.0,74,43,clear
img_00670,speed_50,speed_50,0.845,0.09,2.0,57,77,clear
img_00671,speed_30,speed_30,0.781,0.8,4.5,105,111,clear
img_00672,speed_50,speed_50,0.884,0.68,4.2,67,96,clear
img_00673,speed_50,speed_50,0.749,0.88,4.6,52,57,clear
img_00674,speed_50,speed_50,0.616,0.21,6.1,112,115,fog
img_00675,stop,stop,0.828,0.76,4.2,98,26,clear
img_00676,stop,stop,0.697,0.76,3.6,61,81,rain
img_00677,speed_50,speed_50,0.834,0.37,2.0,24,99,clear
img_00678,speed_50,speed_50,0.796,0.42,4.9,104,123,clear
img_00679,stop,stop,0.892,0.27,3.1,42,127,fog
img_00680,stop,no_entry,0.7,0.02,4.6,62,61,fog
img_00681,speed_30,speed_50,0.449,0.25,0.8,24,42,clear
img_00682,stop,stop,0.745,0.35,1.8,54,58,clear
img_00683,no_entry,stop,0.787,0.14,4.6,111,52,clear
img_00684,yield,stop,0.79,0.66,6.5,48,88,rain
img_00685,no_entry,no_entry,0.785,0.43,0.7,27,96,clear
img_00686,speed_50,speed_50,0.667,0.56,7.8,41,61,clear
img_00687,speed_30,speed_80,0.588,0.22,2.5,37,24,rain
img_00688,speed_50,speed_50,0.914,0.37,3.5,63,95,clear
img_00689,speed_50,speed_50,0.913,0.73,2.0,35,71,clear
img_00690,yield,yield,0.796,0.47,1.9,36,76,snow
img_00691,speed_30,speed_30,0.92,0.59,1.8,45,112,clear
img_00692,stop,stop,0.811,0.43,4.8,103,99,clear
img_00693,stop,stop,0.926,0.55,1.4,48,82,clear
img_00694,no_entry,no_entry,0.89,0.87,5.0,118,109,clear
img_00695,no_entry,no_entry,0.775,0.29,4.9,95,121,clear
img_00696,speed_50,speed_50,0.737,0.52,0.5,29,80,clear
img_00697,stop,stop,0.809,0.67,4.4,57,49,snow
img_00698,speed_50,speed_50,0.763,0.12,1.1,25,119,clear
img_00699,speed_50,speed_50,0.91,0.85,2.2,38,54,rain
img_00700,speed_30,speed_30,0.828,0.5,0.7,20,104,clear
img_00701,yield,yield,0.742,0.27,3.5,56,109,clear
img_00702,speed_50,speed_50,0.725,0.66,5.7,114,112,rain
img_00703,stop,stop,0.815,0.79,8.0,118,105,clear
img_00704,speed_30,speed_30,0.893,0.54,1.2,27,18,rain
img_00705,yield,yield,0.937,0.88,1.6,52,105,clear
img_00706,speed_30,speed_30,0.715,0.12,3.5,88,17,clear
img_00707,speed_30,speed_30,0.825,0.53,8.0,95,96,clear
img_00708,speed_30,speed_30,0.855,0.72,1.8,50,87,clear
img_00709,no_entry,no_entry,0.731,0.88,3.0,69,111,clear
img_00710,no_entry,no_entry,0.804,0.55,4.0,40,53,rain
img_00711,speed_50,speed_50,0.884,0.51,3.7,73,35,rain
img_00712,speed_50,speed_50,0.947,0.4,2.2,44,114,clear
img_00713,speed_30,speed_30,0.821,0.57,1.2,37,21,clear
img_00714,yield,yield,0.83,0.47,6.5,89,60,rain
img_00715,speed_50,speed_50,0.904,0.87,2.0,35,103,clear
img_00716,stop,stop,0.826,0.8,0.3,21,100,clear
img_00717,speed_30,speed_30,0.858,0.72,5.0,67,22,clear
img_00718,speed_50,speed_50,0.696,0.89,6.6,107,43,clear
img_00719,stop,yield,0.581,0.02,3.9,57,91,rain
img_00720,stop,stop,0.903,0.75,4.1,77,87,clear
img_00721,speed_50,speed_50,0.903,0.47,1.5,38,119,clear
img_00722,no_entry,no_entry,0.897,0.65,4.0,43,117,rain
img_00723,yield,yield,0.863,0.23,3.3,36,28,fog
img_00724,speed_30,speed_30,0.885,0.47,2.1,41,113,clear
img_00725,speed_50,speed_50,0.871,0.8,3.3,81,84,clear
img_00726,speed_30,speed_50,0.66,0.07,4.2,86,57,clear
img_00727,speed_30,speed_30,0.675,0.23,6.9,52,46,fog
img_00728,speed_50,speed_50,0.9,0.41,4.8,83,70,fog
img_00729,speed_50,speed_50,0.91,0.82,3.9,59,67,clear
img_00730,speed_50,speed_50,0.731,0.29,4.0,52,76,clear
img_00731,speed_30,speed_30,0.852,0.8,2.7,36,66,clear
img_00732,speed_50,speed_50,0.84,0.26,2.0,53,54,clear
img_00733,stop,stop,0.715,0.24,3.7,52,86,fog
img_00734,stop,stop,0.892,0.55,3.7,66,70,clear
img_00735,speed_50,speed_50,0.788,0.64,4.3,104,53,clear
img_00736,yield,yield,0.798,0.85,5.1,111,124,clear
img_00737,speed_30,speed_30,0.873,0.85,3.6,44,33,clear
img_00738,no_entry,stop,0.309,0.19,5.0,74,115,rain
img_00739,stop,stop,0.855,0.73,1.0,32,73,clear
img_00740,speed_50,speed_50,0.732,0.62,5.9,104,51,clear
img_00741,yield,yield,0.839,0.4,5.0,53,112,clear
img_00742,speed_50,speed_50,0.791,0.75,3.4,84,93,snow
img_00743,speed_50,speed_50,0.756,0.79,5.6,110,28,rain
img_00744,speed_50,speed_50,0.87,0.48,3.1,76,123,clear
img_00745,speed_50,speed_50,0.885,0.8,6.5,111,63,rain
img_00746,speed_30,speed_30,0.712,0.16,3.2,69,56,clear
img_00747,speed_30,speed_50,0.463,0.11,6.1,115,59,rain
img_00748,stop,stop,0.728,0.74,6.5,88,111,clear
img_00749,stop,stop,0.773,0.24,5.8,83,46,fog
img_00750,speed_50,yield,0.665,0.58,6.0,69,106,clear
img_00751,stop,stop,0.84,0.5,7.6,118,106,clear
img_00752,no_entry,speed_30,0.752,0.09,5.5,93,116,rain
img_00753,stop,stop,0.876,0.73,4.2,78,108,clear
img_00754,speed_50,speed_50,0.876,0.72,2.0,38,25,clear
img_00755,speed_30,speed_50,0.444,0.17,4.6,104,27,clear
img_00756,speed_30,speed_30,0.777,0.28,8.0,52,120,clear
img_00757,speed_50,speed_50,0.756,0.78,0.8,29,68,clear
img_00758,yield,yield,0.838,0.88,8.0,108,126,clear
img_00759,speed_50,speed_50,0.815,0.84,6.6,89,35,clear
img_00760,speed_50,speed_50,0.856,0.5,5.5,59,43,clear
img_00761,speed_30,speed_30,0.831,0.38,3.2,74,65,clear
img_00762,speed_30,speed_30,0.874,0.45,4.9,105,87,clear
img_00763,yield,yield,0.785,0.2,1.4,48,37,clear
img_00764,no_entry,no_entry,0.839,0.5,5.4,114,26,clear
img_00765,yield,yield,0.862,0.25,1.7,31,80,clear
img_00766,yield,no_entry,0.307,0.11,4.4,78,84,rain
img_00767,speed_30,speed_30,0.863,0.39,4.0,92,59,clear
img_00768,no_entry,no_entry,0.854,0.1,0.6,30,96,clear
img_00769,no_entry,stop,0.65,0.39,3.2,48,31,rain
img_00770,speed_30,speed_30,0.8,0.68,5.5,96,100,clear
img_00771,,yield,0.774,0.56,4.8,81,20,fog
img_00772,speed_50,speed_50,0.72,0.86,6.5,87,112,fog
img_00773,speed_30,speed_30,0.831,0.85,5.5,87,125,clear
img_00774,speed_50,speed_50,0.854,0.54,3.7,49,49,rain
img_00775,speed_50,speed_50,0.714,0.87,0.6,22,62,clear
img_00776,speed_50,speed_50,0.841,0.45,5.2,107,29,clear
img_00777,no_entry,no_entry,0.95,0.77,1.0,32,107,clear
img_00778,speed_50,speed_50,0.748,0.22,4.4,68,108,rain
img_00779,no_entry,no_entry,0.768,0.44,7.9,108,50,fog
img_00780,speed_50,speed_50,0.784,0.94,0.4,25,18,clear
img_00781,stop,stop,0.823,0.51,5.9,92,67,rain
img_00782,speed_50,speed_50,0.662,0.51,0.5,26,42,clear
img_00783,speed_50,speed_50,0.808,0.76,0.8,31,104,clear
img_00784,speed_30,speed_30,0.816,0.33,5.5,43,42,snow
img_00785,stop,stop,0.75,0.72,5.5,56,127,rain
img_00786,yield,yield,0.666,0.06,3.5,81,103,clear
img_00787,speed_50,speed_50,0.761,0.18,3.3,56,87,fog
img_00788,stop,stop,0.818,0.2,4.2,102,65,clear
img_00789,stop,stop,0.892,0.28,1.5,27,16,clear
img_00790,no_entry,no_entry,0.852,0.91,1.6,30,110,clear
img_00791,no_entry,yield,0.656,0.02,2.8,43,76,fog
img_00792,no_entry,yield,0.821,0.31,0.2,22,91,clear
img_00793,speed_50,speed_50,0.853,0.49,3.3,46,27,fog
img_00794,speed_50,speed_50,0.843,0.61,5.0,82,111,rain
img_00795,speed_30,speed_30,0.663,0.75,8.0,88,27,clear
img_00796,speed_50,speed_50,0.765,0.39,4.8,61,104,clear
img_00797,speed_50,speed_50,0.775,0.24,3.4,51,49,clear
img_00798,yield,yield,0.901,0.82,4.0,64,115,clear
img_00799,stop,stop,0.666,0.07,5.0,76,54,rain
img_00800,speed_50,speed_30,0.702,0.02,7.3,102,47,rain
img_00801,speed_30,speed_30,0.786,0.25,3.4,35,88,snow
img_00802,no_entry,no_entry,0.724,0.49,6.7,112,56,clear
img_00803,speed_30,speed_30,0.923,0.83,3.4,59,58,rain
img_00804,speed_30,speed_30,0.885,0.71,5.7,117,87,clear
img_00805,stop,stop,0.76,0.48,3.1,51,49,rain
img_00806,stop,stop,0.758,0.44,5.6,98,81,fog
img_00807,stop,stop,0.9,0.68,3.0,66,86,snow
img_00808,speed_30,speed_30,0.859,0.62,0.8,20,103,clear
img_00809,no_entry,no_entry,0.869,0.35,0.7,23,92,clear
img_00810,stop,stop,0.866,0.13,1.5,35,107,snow
img_00811,stop,yield,0.87,0.22,3.9,80,53,snow
img_00812,speed_50,speed_50,0.735,0.76,3.8,79,50,clear
img_00813,yield,yield,0.88,0.62,2.4,36,124,snow
img_00814,stop,stop,0.845,0.77,5.5,116,29,clear
img_00815,no_entry,no_entry,0.762,0.08,3.6,53,95,clear
img_00816,stop,stop,0.923,0.79,1.8,28,99,rain
img_00817,speed_30,speed_50,0.869,0.39,4.8,76,127,clear
img_00818,speed_50,speed_50,0.797,0.89,3.0,72,93,clear
img_00819,speed_50,speed_50,0.901,0.59,2.0,31,87,clear
img_00820,no_entry,no_entry,0.871,0.54,4.6,60,47,clear
img_00821,speed_30,speed_50,0.778,0.79,8.0,84,89,clear
img_00822,stop,stop,0.833,0.62,2.6,61,22,clear
img_00823,stop,stop,0.9,0.58,2.7,56,70,rain
img_00824,speed_50,speed_50,0.817,0.18,3.1,47,18,clear
img_00825,speed_30,speed_30,0.784,0.52,3.9,59,59,rain
img_00826,yield,yield,0.729,0.29,2.2,47,44,rain
img_00827,stop,stop,0.765,0.11,1.3,39,125,clear
img_00828,yield,yield,0.877,0.16,1.2,44,46,clear
img_00829,yield,yield,0.824,0.48,3.7,31,109,clear
img_00830,yield,yield,0.816,0.28,0.8,30,39,clear
img_00831,yield,yield,0.821,0.66,3.8,49,45,rain
img_00832,speed_50,speed_50,0.652,0.15,6.6,75,21,clear
img_00833,speed_30,speed_30,0.757,0.05,1.9,28,93,clear
img_00834,no_entry,no_entry,0.767,0.88,3.3,65,35,rain
img_00835,speed_30,speed_30,0.816,0.33,3.4,86,109,clear
img_00836,yield,yield,0.848,0.51,3.9,92,55,clear
img_00837,no_entry,no_entry,0.839,0.15,4.0,67,23,rain
img_00838,speed_50,speed_80,0.453,0.15,4.2,84,26,rain
img_00839,no_entry,no_entry,0.794,0.41,3.6,76,81,clear
img_00840,yield,stop,0.547,0.69,8.0,116,39,rain
img_00841,no_entry,stop,0.574,0.08,5.6,105,25,clear
img_00842,speed_50,speed_50,0.838,0.81,3.3,54,65,clear
img_00843,yield,yield,0.758,0.95,0.9,25,65,clear
img_00844,yield,yield,0.756,0.55,6.3,109,111,clear
img_00845,stop,stop,0.905,0.37,2.3,20,119,clear
img_00846,stop,stop,0.692,0.18,2.8,58,114,rain
img_00847,stop,stop,0.847,0.21,1.8,44,70,clear
img_00848,yield,yield,0.816,0.34,3.3,86,61,clear
img_00849,speed_30,speed_30,0.903,0.74,3.4,21,27,rain
img_00850,yield,no_entry,0.703,0.04,4.1,101,30,clear
img_00851,stop,stop,0.884,0.76,4.3,82,65,snow
img_00852,stop,stop,0.926,0.65,2.3,60,46,clear
img_00853,stop,speed_30,0.509,0.06,0.9,20,98,clear
img_00854,stop,stop,0.74,0.1,2.5,65,92,clear
img_00855,yield,yield,0.916,0.72,3.1,75,102,snow
img_00856,speed_50,speed_50,0.765,0.66,6.5,83,62,clear
img_00857,stop,stop,0.778,0.25,3.6,58,30,rain
img_00858,no_entry,no_entry,0.846,0.83,1.9,31,80,snow
img_00859,,no_entry,0.697,0.23,1.5,38,116,snow
img_00860,speed_30,speed_30,0.832,0.43,2.8,73,99,clear
img_00861,stop,stop,0.745,0.15,1.6,43,90,clear
img_00862,stop,stop,0.901,0.55,1.3,29,90,rain
img_00863,speed_30,speed_30,0.621,0.04,3.8,58,112,rain
img_00864,no_entry,no_entry,0.862,0.21,1.1,42,113,clear
img_00865,no_entry,no_entry,0.84,0.75,2.4,59,16,clear
img_00866,speed_50,speed_50,0.883,0.5,3.5,82,25,clear
img_00867,no_entry,no_entry,0.886,0.65,3.4,36,71,clear
img_00868,stop,stop,0.816,0.72,6.1,118,49,clear
img_00869,speed_30,speed_30,0.891,0.6,1.0,33,124,clear
img_00870,speed_30,speed_30,0.663,0.22,5.3,120,19,clear
img_00871,stop,stop,0.943,0.68,2.5,56,93,clear
img_00872,speed_30,speed_30,0.75,0.15,2.6,46,74,clear
img_00873,speed_30,speed_30,0.827,0.29,5.7,91,32,clear
img_00874,no_entry,no_entry,0.8,0.37,2.0,34,85,fog
img_00875,stop,no_entry,0.604,0.15,5.7,82,71,clear
img_00876,yield,yield,0.576,0.14,5.8,72,44,clear
img_00877,stop,stop,0.841,0.56,6.2,104,30,rain
img_00878,yield,yield,0.898,0.72,3.8,64,22,clear
img_00879,yield,yield,0.854,0.38,5.3,43,121,clear
img_00880,yield,yield,0.737,0.4,1.9,58,68,snow
img_00881,no_entry,no_entry,0.743,0.15,1.9,31,92,fog
img_00882,yield,yield,0.855,0.44,7.5,97,34,rain
img_00883,speed_30,speed_50,0.433,0.57,4.2,34,120,clear
img_00884,stop,stop,0.879,0.9,3.6,91,37,clear
img_00885,yield,yield,0.745,0.08,1.9,58,109,clear
img_00886,stop,stop,0.878,0.88,2.8,76,59,clear
img_00887,speed_30,speed_30,0.866,0.95,2.5,60,35,clear
img_00888,yield,yield,0.752,0.36,3.7,82,122,clear
img_00889,yield,yield,0.799,0.63,6.1,96,35,rain
img_00890,speed_30,speed_30,0.749,0.8,4.2,78,56,clear
img_00891,stop,stop,0.825,0.64,2.9,74,41,clear
img_00892,no_entry,no_entry,0.768,0.23,6.5,88,96,fog
img_00893,stop,stop,0.914,0.61,3.1,66,123,clear
img_00894,speed_30,speed_30,0.742,0.85,6.3,113,58,clear
img_00895,no_entry,no_entry,0.72,0.14,0.7,29,41,clear
img_00896,stop,stop,0.723,0.4,6.1,115,61,rain
img_00897,stop,no_entry,0.571,0.02,2.7,44,75,rain
img_00898,speed_30,speed_50,0.701,0.82,4.9,118,31,clear
img_00899,speed_50,speed_50,0.843,0.68,4.2,80,52,rain
img_00900,yield,stop,0.734,0.08,4.8,106,36,clear
img_00901,yield,yield,0.914,0.73,1.0,23,95,clear
img_00902,speed_50,speed_50,0.942,0.68,0.7,30,103,clear
img_00903,speed_30,speed_30,0.819,0.16,0.8,32,34,snow
img_00904,yield,yield,0.731,0.44,5.4,65,64,rain
img_00905,speed_30,speed_30,0.79,0.59,8.0,22,98,rain
img_00906,no_entry,no_entry,0.653,0.35,8.0,98,48,clear
img_00907,speed_30,speed_30,0.778,0.5,5.8,110,30,clear
img_00908,yield,yield,0.889,0.86,2.7,49,127,fog
img_00909,speed_30,speed_30,0.81,0.62,1.4,47,46,clear
img_00910,speed_30,speed_30,0.793,0.5,3.8,81,115,clear
img_00911,stop,yield,0.735,0.02,5.5,107,57,rain
img_00912,no_entry,no_entry,0.657,0.07,1.3,25,45,rain
img_00913,stop,stop,0.847,0.74,4.8,71,46,rain
img_00914,speed_50,speed_50,0.883,0.72,4.3,40,65,clear
img_00915,speed_30,speed_30,0.769,0.81,3.2,70,88,clear
img_00916,speed_50,speed_30,0.862,0.57,4.1,60,80,clear
img_00917,speed_30,speed_30,0.883,0.49,3.6,59,97,fog
img_00918,speed_50,speed_50,0.782,0.53,0.8,27,34,snow
img_00919,speed_30,speed_30,0.88,0.72,4.7,110,95,clear
img_00920,yield,yield,0.79,0.26,5.4,62,64,fog
img_00921,speed_50,speed_50,0.824,0.5,5.9,111,116,clear
img_00922,speed_50,speed_50,0.768,0.47,1.2,43,48,clear
img_00923,speed_30,speed_30,0.884,0.65,5.0,105,75,clear
img_00924,no_entry,stop,0.271,0.24,4.5,107,107,clear
img_00925,speed_50,speed_50,0.646,0.06,4.0,98,31,clear
img_00926,no_entry,no_entry,0.682,0.12,1.8,52,26,clear
img_00927,stop,stop,0.797,0.12,5.7,87,114,rain
img_00928,no_entry,no_entry,0.788,0.83,2.2,58,128,clear
img_00929,speed_50,speed_50,0.83,0.62,7.4,117,55,fog
img_00930,no_entry,stop,0.837,0.65,6.7,101,42,fog
img_00931,yield,yield,0.786,0.45,2.6,61,105,clear
img_00932,speed_30,speed_50,0.319,0.13,8.0,76,53,clear
img_00933,no_entry,no_entry,0.856,0.39,6.2,112,63,fog
img_00934,speed_50,speed_50,0.923,0.83,1.5,25,24,clear
img_00935,yield,yield,0.769,0.51,2.3,41,19,clear
img_00936,yield,yield,0.861,0.62,1.5,41,119,clear
img_00937,no_entry,no_entry,0.948,0.38,0.6,22,24,snow
img_00938,speed_50,speed_80,0.633,0.18,5.2,81,109,clear
img_00939,stop,stop,0.898,0.62,5.8,89,106,clear
img_00940,yield,yield,0.937,0.49,1.4,40,23,clear
img_00941,speed_30,speed_30,0.666,0.36,4.9,95,128,clear
img_00942,stop,stop,0.887,0.28,1.9,45,75,clear
img_00943,speed_30,speed_30,0.9,0.68,5.2,109,66,snow
img_00944,speed_50,speed_50,0.816,0.33,3.6,82,60,snow
img_00945,stop,stop,0.706,0.57,6.4,67,35,clear
img_00946,yield,yield,0.821,0.28,3.0,69,84,clear
img_00947,,no_entry,0.862,0.73,1.1,38,120,clear
img_00948,stop,stop,0.834,0.3,3.5,47,53,fog
img_00949,stop,stop,0.77,0.4,3.7,53,46,rain
img_00950,speed_50,speed_50,0.823,0.81,8.0,76,124,rain
img_00951,speed_50,speed_50,0.678,0.7,3.8,68,40,clear
img_00952,speed_30,speed_30,0.843,0.72,3.5,84,40,clear
img_00953,no_entry,stop,0.511,0.27,4.8,99,22,rain
img_00954,stop,stop,0.921,0.81,0.7,23,108,clear
img_00955,stop,stop,0.759,0.31,5.4,103,85,rain
img_00956,speed_50,speed_50,0.822,0.95,2.0,47,46,clear
img_00957,speed_50,speed_50,0.835,0.86,1.3,31,28,clear
img_00958,yield,yield,0.758,0.65,2.2,51,89,snow
img_00959,speed_30,speed_30,0.783,0.8,5.2,97,36,clear
img_00960,stop,no_entry,0.74,0.54,8.0,108,64,clear
img_00961,yield,yield,0.721,0.71,4.0,96,26,clear
img_00962,speed_30,speed_50,0.581,0.07,2.3,25,75,rain
img_00963,no_entry,no_entry,0.853,0.95,1.7,30,80,clear
img_00964,yield,yield,0.7,0.78,2.2,55,74,clear
img_00965,stop,stop,0.856,0.17,1.0,21,96,clear
img_00966,stop,stop,0.889,0.26,1.3,39,86,clear
img_00967,yield,yield,0.826,0.57,3.2,46,104,clear
img_00968,speed_50,speed_50,0.674,0.74,4.1,90,23,clear
img_00969,speed_50,speed_50,0.728,0.18,8.0,81,104,clear
img_00970,speed_50,speed_50,0.808,0.84,5.4,101,22,rain
img_00971,no_entry,no_entry,0.948,0.36,2.3,22,110,clear
img_00972,speed_50,speed_50,0.844,0.88,3.4,25,125,fog
img_00973,speed_50,speed_50,0.876,0.73,4.6,92,99,snow
img_00974,speed_30,speed_30,0.872,0.49,5.0,107,44,clear
img_00975,speed_50,speed_50,0.914,0.37,3.9,84,30,clear
img_00976,speed_50,speed_30,0.719,0.05,5.2,90,56,fog
img_00977,no_entry,stop,0.405,0.12,6.3,118,49,clear
img_00978,stop,stop,0.841,0.54,4.0,41,43,rain
img_00979,speed_50,speed_50,0.879,0.75,4.9,94,55,clear
img_00980,stop,stop,0.788,0.79,6.6,112,88,rain
img_00981,stop,stop,0.807,0.38,4.7,111,62,clear
img_00982,no_entry,no_entry,0.833,0.82,2.9,49,127,rain
img_00983,speed_30,speed_80,0.572,0.23,3.1,23,116,fog
img_00984,speed_30,speed_30,0.814,0.9,7.5,99,61,clear
img_00985,stop,stop,0.929,0.81,1.7,33,126,rain
img_00986,speed_30,speed_30,0.889,0.18,0.7,27,52,clear
img_00987,stop,stop,0.759,0.83,4.7,79,79,clear
img_00988,speed_30,speed_30,0.812,0.69,3.0,66,55,clear
img_00989,no_entry,no_entry,0.623,0.69,3.8,93,89,clear
img_00990,speed_50,speed_50,0.885,0.81,2.9,71,19,clear
img_00991,speed_50,speed_50,0.819,0.45,8.0,38,71,rain
img_00992,speed_30,speed_30,0.793,0.51,4.7,110,26,clear
img_00993,yield,yield,0.79,0.3,3.6,64,49,rain
img_00994,speed_50,speed_50,0.818,0.84,7.8,104,21,snow
img_00995,yield,yield,0.659,0.87,4.6,84,83,snow
img_00996,yield,stop,0.477,0.11,5.8,75,52,fog
img_00997,speed_30,speed_30,0.776,0.67,7.0,47,59,rain
img_00998,no_entry,no_entry,0.82,0.29,0.5,25,127,clear
img_00999,speed_50,speed_50,0.733,0.21,1.7,26,96,snow
img_01000,speed_50,speed_50,0.8,0.22,2.5,63,31,clear
img_01001,stop,stop,0.717,0.49,3.8,67,53,fog
img_01002,speed_50,speed_30,0.463,0.22,3.2,57,78,fog
img_01003,speed_30,speed_50,0.81,0.18,6.5,105,31,rain
img_01004,speed_50,speed_30,0.806,0.13,5.2,120,39,clear
img_01005,speed_30,speed_30,0.77,0.34,2.6,29,91,clear
img_01006,speed_50,speed_50,0.852,0.75,3.9,88,20,clear
img_01007,stop,stop,0.703,0.06,3.9,94,102,clear
img_01008,stop,stop,0.865,0.48,4.5,60,110,clear
img_01009,yield,yield,0.835,0.59,3.6,59,61,clear
img_01010,stop,no_entry,0.415,0.02,2.8,56,30,rain
img_01011,speed_50,speed_50,0.816,0.23,3.7,60,71,fog
img_01012,stop,stop,0.692,0.87,4.9,97,31,clear
img_01013,stop,stop,0.889,0.95,5.2,110,35,clear
img_01014,speed_30,speed_30,0.824,0.82,0.7,29,108,clear
img_01015,stop,stop,0.805,0.2,1.6,33,122,clear
img_01016,speed_50,speed_50,0.853,0.74,,102,43,clear
img_01017,yield,yield,0.887,0.45,6.0,33,127,clear
img_01018,yield,yield,0.673,0.2,4.2,87,38,clear
img_01019,speed_30,speed_30,0.831,0.48,1.0,26,123,clear
img_01020,no_entry,no_entry,0.91,0.89,2.7,63,122,clear
img_01021,yield,yield,0.916,0.77,1.0,23,17,rain
img_01022,yield,stop,0.508,0.4,5.8,91,37,clear
img_01023,yield,speed_50,0.585,0.1,2.8,76,81,clear
img_01024,speed_50,speed_50,0.827,0.87,3.9,60,109,clear
img_01025,no_entry,no_entry,0.856,0.87,7.8,90,71,fog
img_01026,stop,stop,0.818,0.51,1.3,34,50,clear
img_01027,stop,no_entry,0.505,0.17,4.5,84,93,rain
img_01028,yield,yield,0.756,0.54,3.1,62,79,clear
img_01029,yield,yield,0.909,0.6,3.8,62,81,fog
img_01030,speed_50,speed_50,0.836,0.48,1.1,25,51,clear
img_01031,speed_50,speed_50,0.779,0.36,5.3,105,126,clear
img_01032,speed_50,speed_50,0.667,0.19,4.1,28,54,fog
img_01033,yield,yield,0.773,0.23,3.5,51,72,rain
img_01034,speed_30,speed_30,0.772,0.09,3.6,64,121,clear
img_01035,no_entry,no_entry,0.659,0.27,3.8,92,64,clear
img_01036,stop,no_entry,0.74,0.92,4.4,103,118,snow
img_01037,stop,stop,0.804,0.05,0.6,30,65,clear
img_01038,stop,stop,0.946,0.71,1.3,40,35,clear
img_01039,speed_50,speed_50,0.85,0.77,4.3,57,125,snow
img_01040,speed_30,speed_30,0.702,0.41,4.5,70,97,clear
img_01041,speed_50,speed_50,0.853,0.59,1.1,33,57,clear
img_01042,speed_50,speed_50,0.721,0.24,6.7,118,31,clear
img_01043,speed_50,speed_50,0.871,0.65,1.9,48,43,clear
img_01044,speed_30,speed_30,0.712,0.69,5.9,103,49,clear
img_01045,yield,yield,0.8,0.72,4.6,98,61,clear
img_01046,stop,stop,0.798,0.49,5.2,111,24,clear
img_01047,speed_30,speed_30,0.804,0.93,8.0,111,61,clear
img_01048,stop,stop,0.733,0.76,7.9,88,89,rain
img_01049,no_entry,no_entry,0.938,0.49,2.4,51,24,rain
img_01050,speed_50,speed_50,0.77,0.67,4.8,79,98,clear
img_01051,yield,yield,0.842,0.29,1.9,38,117,clear
img_01052,speed_30,speed_30,0.68,0.91,6.4,78,100,clear
img_01053,speed_30,speed_30,0.896,0.55,2.4,41,59,rain
img_01054,speed_30,speed_30,0.629,0.86,4.1,80,103,clear
img_01055,no_entry,no_entry,0.655,0.23,5.1,94,98,fog
img_01056,yield,yield,0.87,0.94,3.3,66,60,clear
img_01057,speed_30,speed_30,0.784,0.14,4.7,98,84,clear
img_01058,speed_30,speed_30,0.777,0.53,2.6,56,36,clear
img_01059,no_entry,no_entry,0.807,0.14,2.9,73,106,clear
img_01060,stop,no_entry,0.762,0.13,2.9,44,16,rain
img_01061,speed_50,speed_50,0.738,0.66,6.7,56,98,rain
img_01062,stop,speed_30,0.514,0.1,0.6,26,65,clear
img_01063,speed_30,speed_30,0.82,0.39,7.1,114,17,snow
img_01064,no_entry,no_entry,0.726,0.14,2.9,57,121,rain
img_01065,speed_50,speed_50,0.883,0.82,3.5,88,120,clear
img_01066,stop,speed_30,0.402,0.12,4.6,97,66,clear
img_01067,no_entry,no_entry,0.765,0.27,4.7,78,30,rain
img_01068,speed_30,speed_30,0.739,0.83,6.8,75,85,clear
img_01069,speed_30,speed_30,0.874,0.59,4.9,101,78,rain
img_01070,no_entry,no_entry,0.764,0.61,2.9,36,119,rain
img_01071,speed_30,speed_30,0.731,0.95,2.2,29,67,clear
img_01072,yield,stop,0.678,0.02,6.1,102,113,fog
img_01073,speed_30,speed_30,0.864,0.65,6.3,108,24,clear
img_01074,speed_50,speed_50,0.913,0.73,0.5,24,99,clear
img_01075,yield,yield,0.92,0.73,3.4,74,41,clear
img_01076,stop,stop,0.887,0.62,6.0,114,82,fog
img_01077,yield,stop,0.543,0.11,4.2,65,121,clear
img_01078,stop,yield,0.656,0.04,4.1,85,42,rain
img_01079,stop,stop,0.839,0.75,1.9,57,127,clear
img_01080,stop,stop,0.828,0.52,6.6,76,100,fog
img_01081,speed_30,speed_50,0.517,0.28,2.7,53,33,snow
img_01082,yield,speed_50,0.847,0.05,2.7,61,63,clear
img_01083,stop,stop,0.822,0.53,4.1,100,29,snow
img_01084,speed_50,speed_30,0.755,0.04,5.2,103,95,rain
img_01085,speed_30,speed_30,0.817,0.73,3.3,41,76,clear
img_01086,speed_50,speed_50,0.885,0.35,0.5,20,41,clear
img_01087,stop,no_entry,0.593,0.78,6.0,116,90,clear
img_01088,speed_50,speed_50,0.864,0.13,0.8,21,122,clear
img_01089,yield,yield,0.908,0.49,3.0,72,19,clear
img_01090,speed_30,speed_50,0.55,0.13,8.0,72,34,clear
img_01091,speed_30,speed_30,0.92,0.76,3.5,83,127,clear
img_01092,speed_30,speed_30,0.821,0.48,3.1,50,105,rain
img_01093,speed_30,speed_30,0.739,0.18,3.1,33,71,fog
img_01094,no_entry,no_entry,0.876,0.85,4.4,60,116,fog
img_01095,speed_50,speed_50,0.763,0.67,5.6,118,110,clear
img_01096,yield,yield,0.796,0.35,2.9,74,33,clear
img_01097,speed_50,speed_50,0.884,0.83,3.0,65,107,clear
img_01098,stop,stop,0.743,0.39,2.1,24,113,clear
img_01099,speed_50,speed_50,0.886,0.91,4.7,113,98,snow
img_01100,speed_30,speed_50,0.817,0.31,6.1,119,88,clear
img_01101,yield,yield,0.899,0.87,3.0,25,33,fog
img_01102,speed_50,speed_30,0.637,0.02,6.1,88,84,rain
img_01103,stop,stop,0.909,0.72,4.1,97,90,clear
img_01104,stop,stop,0.808,0.23,1.5,29,44,rain
img_01105,yield,yield,0.88,0.43,3.9,56,72,clear
img_01106,speed_30,speed_30,0.772,0.55,6.7,94,53,fog
img_01107,speed_50,speed_30,0.517,0.08,8.0,107,80,clear
img_01108,yield,yield,0.831,0.25,3.5,73,42,clear
img_01109,speed_30,speed_30,0.772,0.06,2.5,49,22,rain
img_01110,no_entry,no_entry,0.867,0.72,4.0,89,65,clear
img_01111,no_entry,speed_30,0.644,0.24,2.7,53,94,clear
img_01112,speed_50,speed_50,0.852,0.5,4.0,94,89,clear
img_01113,yield,yield,0.92,0.34,3.2,21,76,clear
img_01114,speed_30,speed_80,0.864,0.26,6.7,120,98,clear
img_01115,speed_50,speed_50,0.811,0.82,2.2,46,34,rain
img_01116,no_entry,no_entry,0.872,0.43,2.5,31,95,fog
img_01117,no_entry,no_entry,0.92,0.64,0.9,31,48,clear
img_01118,yield,stop,0.549,0.69,5.9,120,55,clear
img_01119,yield,yield,0.73,0.8,4.7,114,17,snow
img_01120,yield,yield,0.847,0.28,2.9,68,53,clear
img_01121,speed_50,speed_80,0.391,0.03,5.4,97,67,rain
img_01122,no_entry,no_entry,0.887,0.47,1.3,40,102,clear
img_01123,speed_30,speed_50,0.377,0.12,8.0,114,35,fog
img_01124,speed_30,speed_30,0.762,0.06,3.9,57,126,clear
img_01125,speed_50,speed_50,0.811,0.81,6.0,80,36,fog
img_01126,speed_30,speed_30,0.842,0.54,2.6,56,41,rain
img_01127,speed_30,speed_30,0.869,0.34,2.3,30,127,fog
img_01128,stop,stop,0.645,0.17,7.8,110,62,clear
img_01129,stop,stop,0.86,0.66,4.7,97,61,rain
img_01130,speed_30,speed_30,0.909,0.53,2.8,72,47,clear
img_01131,yield,yield,0.576,0.2,5.8,120,78,clear
img_01132,stop,stop,0.866,0.94,1.3,26,126,clear
img_01133,no_entry,no_entry,0.865,0.91,5.6,63,121,clear
img_01134,speed_50,yield,0.565,0.81,6.4,92,17,rain
img_01135,yield,stop,0.521,0.72,8.0,54,73,fog
img_01136,no_entry,no_entry,0.91,0.53,5.1,70,116,clear
img_01137,stop,no_entry,0.332,0.32,5.8,37,18,clear
img_01138,yield,yield,0.682,0.64,6.7,102,102,clear
img_01139,no_entry,no_entry,0.811,0.1,3.2,46,63,rain
img_01140,no_entry,no_entry,0.945,0.61,1.2,24,53,clear
img_01141,speed_50,speed_50,0.808,0.1,1.7,37,38,clear
img_01142,stop,yield,0.708,0.02,5.4,107,92,rain
img_01143,speed_30,speed_30,0.9,0.62,3.4,71,23,rain
img_01144,stop,stop,0.882,0.36,,110,57,clear
img_01145,stop,stop,0.814,0.68,2.9,72,39,clear
img_01146,no_entry,no_entry,0.862,0.76,2.8,20,87,clear
img_01147,stop,stop,0.798,0.73,6.0,101,48,fog
img_01148,stop,stop,0.825,0.61,2.9,68,64,clear
img_01149,stop,stop,0.878,0.82,0.8,31,63,clear
img_01150,speed_50,speed_50,0.938,0.65,0.9,32,119,clear
img_01151,speed_50,speed_50,0.845,0.89,3.2,27,64,clear
img_01152,stop,stop,0.821,0.87,2.8,73,67,clear
img_01153,speed_30,speed_30,0.744,0.08,3.7,88,114,clear
img_01154,no_entry,no_entry,0.93,0.29,0.9,29,107,snow
img_01155,stop,stop,0.692,0.4,4.2,78,89,clear
img_01156,stop,stop,0.807,0.27,6.2,109,81,clear
img_01157,speed_50,speed_30,0.698,0.12,8.0,111,124,rain
img_01158,stop,stop,0.619,0.76,3.2,38,58,fog
img_01159,speed_30,speed_50,0.433,0.02,2.6,47,100,rain
img_01160,yield,yield,0.754,0.21,3.6,87,125,clear
img_01161,stop,stop,0.918,0.66,4.6,96,92,rain
img_01162,speed_50,speed_50,0.684,0.25,5.7,86,38,clear
img_01163,speed_50,speed_50,0.844,0.28,4.6,80,120,snow
img_01164,yield,yield,0.834,0.93,2.0,52,118,clear
img_01165,stop,stop,0.642,0.74,7.0,113,89,clear
img_01166,no_entry,no_entry,0.839,0.37,4.3,41,126,fog
img_01167,yield,no_entry,0.797,0.17,3.3,85,44,clear
img_01168,yield,yield,0.578,0.21,6.8,112,111,fog
img_01169,yield,yield,0.87,0.86,6.2,84,43,rain
img_01170,yield,yield,0.812,0.77,1.5,24,84,clear
img_01171,yield,yield,0.671,0.1,1.1,39,48,clear
img_01172,no_entry,no_entry,0.886,0.61,2.3,45,86,rain
img_01173,stop,stop,0.793,0.39,5.4,114,105,clear
img_01174,speed_50,speed_50,0.852,0.7,4.9,52,120,snow
img_01175,speed_30,speed_30,0.793,0.23,2.4,43,21,fog
img_01176,stop,yield,0.801,0.16,3.6,79,64,clear
img_01177,stop,stop,0.71,0.06,4.0,65,116,clear
img_01178,speed_50,speed_50,0.705,0.23,5.3,57,109,fog
img_01179,speed_30,speed_30,0.823,0.83,0.7,33,62,clear
img_01180,yield,yield,0.978,0.86,0.6,31,103,clear
img_01181,,yield,0.941,0.67,2.9,49,47,clear
img_01182,no_entry,no_entry,0.744,0.73,3.3,77,113,clear
img_01183,speed_50,speed_50,0.736,0.22,0.9,22,79,clear
img_01184,speed_50,speed_50,0.869,0.29,5.2,93,65,rain
img_01185,no_entry,no_entry,0.905,0.79,2.5,45,79,fog
img_01186,yield,yield,0.696,0.87,6.0,91,89,rain
img_01187,yield,yield,0.745,0.45,3.4,86,47,clear
img_01188,speed_50,speed_50,0.752,0.75,2.8,69,26,clear
img_01189,speed_30,speed_30,0.864,0.9,3.8,84,37,clear
img_01190,speed_30,speed_30,0.851,0.96,1.9,50,24,snow
img_01191,speed_50,speed_50,0.832,0.31,4.7,39,101,clear
img_01192,no_entry,stop,0.455,0.64,6.3,21,28,clear
img_01193,no_entry,no_entry,0.722,0.32,5.5,75,39,fog
img_01194,speed_50,speed_50,0.694,0.47,4.0,73,99,clear
img_01195,speed_30,speed_30,0.836,0.46,0.6,31,78,clear
img_01196,speed_50,speed_50,0.755,0.3,4.1,83,56,clear
img_01197,yield,yield,0.714,0.06,1.7,43,54,clear
img_01198,yield,yield,0.844,0.67,3.5,64,118,fog
img_01199,stop,stop,0.836,0.68,8.0,67,61,clear
img_01200,speed_50,speed_50,0.851,0.81,4.8,116,24,clear
