customer_id,tenure_months,monthly_charges,support_calls,contract,plan_version,churn_probability,label,prediction
471579,9,55.87,1,monthly,2,0.267,churned,churned
705787,9,27.28,0,one_year,2,0.102,stayed,stayed
928720,58,81.17,0,one_year,2,0.098,stayed,churned
491825,36,64.4,0,one_year,2,0.086,stayed ,stayed
826062,43,61.69,0,one_year,2,0.043,stayed,stayed
051716,43,104.91,0,one_year,2,0.024,stayed, stayed
811956,51,32.05,0,monthly,2,0.019,stayed,stayed
260766,2,80.93,0,monthly,2,0.267,stayed,churned
257273,35,60.2,2,monthly,2,0.084,stayed,churned
312116,10,71.88,0,one_year,2,0.135,stayed,stayed
254579,29,68.94,0,monthly,2,0.142,,stayed
463485,67,31.68,0,one_year,2,0.022,stayed,stayed
905829,39,70.23,0,one_year,2,0.199,stayed,stayed
289273,5,105.93,3,two_year,2,0.782,churned,stayed
167050,39,35.47,0,two_year,2,0.025,stayed,stayed
873441,9,19.17,0,monthly,2,0.1,stayed,stayed
540199,55,24.89,1,one_year,2,0.011,stayed,stayed
103565,69,64.9,1,monthly,2,0.045,stayed ,churned
772352,71,117.39,0,monthly,2,0.066,churned,churned
777534,45,22.51,2,monthly,2,0.033,stayed,stayed
500680,63,119.07,1,two_year,2,0.097,stayed,stayed
037852,26,72.68,0,one_year,2,0.108,stayed,churned
718978,10,30.25,4,monthly,2,0.24,stayed,stayed
568114,37,unknown,2,monthly,2,0.241,stayed,stayed
033209,32,39.15,1,one_year,2,0.341,stayed,stayed
554298,48,90.84,1,two_year,2,0.163,stayed,stayed
620952,72,73.23,0,monthly,2,0.041,stayed,stayed
662978,20,47.37,3,monthly,2,0.253,stayed,stayed
241123,62,44.05,1,one_year,2,0.021,stayed,stayed
581597,10,106.43,4,one_year,2,0.888,churned,stayed
143388,25,96.16,1,two_year,2,0.211,stayed,stayed
688645,57,62.49,1,monthly,2,0.056,stayed,stayed
628956,18,59.36,2,monthly,2,0.218,stayed,stayed
704789,48,93.22,1,two_year,2,0.151,churned,churned
423310,33,117.01,1,monthly,2,0.262,churned,churned
619823,37,26.12,0,monthly,2,0.049,stayed,stayed
166531,68,34.23,1,monthly,2,0.01,stayed,stayed
034635,59,54.96,4,one_year,2,0.091,stayed,stayed
339708,61,69.79,1,monthly,2,0.096,stayed,stayed
815856,40,25.28,2,monthly,2,0.033,stayed,stayed
586884,71,23.46,2,one_year,2,0.012,stayed,stayed
264653,71,40.39,2,two_year,2,0.053,stayed,stayed
268331,9,57.37,0,two_year,2,0.207,stayed ,stayed
332979,14,93.41,2,monthly,2,0.568,stayed,churned
298335,22,80.21,1,one_year,2,0.066,stayed,stayed
705056,40,20.98,1,monthly,2,0.042,stayed,stayed
891366,60,22.59,0,two_year,2,0.01,stayed,stayed
237356,35,64.11,0,one_year,2,0.035,stayed,stayed
831514,71,107.23,1,one_year,2,0.078,stayed,stayed
912439,25,111.33,2,two_year,2,0.565,churned,churned
834783,67,55.24,1,monthly,2,0.011,stayed,stayed
517323,43,108.51,4,one_year,2,0.233,churned,churned
737980,52,112.77,1,monthly,2,0.1,stayed,stayed
583283,17,59.47,3,one_year,2,0.291,stayed,stayed
229843,43,94.1,2,monthly,2,0.09,stayed,stayed
400098,58,55.26,2,one_year,2,0.177,churned,churned
400606,64,33.66,1,monthly,2,0.028,stayed,stayed
653882,63,76.67,2,monthly,2,0.053,stayed,stayed
760459,70,26.82,1,one_year,2,0.01,stayed,stayed
398669,9,85.66,0,one_year,2,0.592,stayed,stayed
081867,56,100.54,2,one_year,2,0.363,Stayed,stayed
382395,34,111.37,0,monthly,2,0.141,churned,churned
790730,50,63.7,3,one_year,2,0.136,stayed,stayed
014300,20,29.97,1,one_year,2,0.187,stayed,stayed
920144,1,110.05,0,one_year,2,0.283,churned,stayed
064211,6,106.78,0,monthly,2,0.302,stayed,churned
086076,71,116.7,0,monthly,2,0.112,stayed,stayed
035012,65,78.59,0,one_year,2,0.021,stayed,stayed
939898,22,86.69,0,monthly,2,0.143,stayed,stayed
013944,31,56.07,2,two_year,2,0.068,stayed,churned
973355,17,36.68,1,monthly,2,0.08,stayed,stayed
468936,10,47.75,1,monthly,2,0.256,churned,churned
201768,62,91.51,1,monthly,2,0.04,stayed,stayed
385235,49,51.15,0,monthly,2,0.016,stayed,churned
037867,5,88.54,0,two_year,2,0.233,stayed,churned
825098,14,69.22,2,two_year,2,0.551,churned,churned
671362,41,63.8,1,two_year,2,0.092,stayed,churned
452871,65,116.7,1,one_year,2,0.067,stayed,NA
039104,72,34.94,0,two_year,2,0.011,stayed,stayed
210625,15,67.69,1,monthly,2,0.265,stayed,stayed
011183,44,34.29,1,monthly,2,0.046,stayed,stayed
132027,2,113.62,2,monthly,2,0.357,churned,stayed
265239,12,67.84,0,monthly,2,0.209,churned,churned
745879,14,51.86,1,two_year,2,0.155,stayed,stayed
694247,32,35.17,2,one_year,2,0.147,stayed,stayed
469387,25,78.6,2,monthly,2,0.126,stayed,stayed
391246,53,58.69,2,monthly,2,0.119,stayed,stayed
371596,34,30.97,2,one_year,2,0.061,stayed,stayed
945909,24,21.3,1,one_year,2,0.026,stayed, churned
021693,66,57.91,1,monthly,2,0.062,stayed,stayed
170773,45,77.48,0,monthly,2,0.049,churned,churned
097548,50,70.92,2,monthly,2,0.114,stayed,stayed
402180,54,109.8,1,monthly,2,0.108,stayed,stayed
286595,24,110.99,1,one_year,2,0.468,stayed,stayed
832998,65,113.5,0,monthly,2,0.113,stayed,stayed
366768,1,99.57,1,monthly,2,0.641,stayed,stayed
379207,22,66.72,0,two_year,2,0.181,churned,churned
291280,11,71.43,1,monthly,2,0.116,stayed,stayed
874959,0,58.53,1,monthly,2,0.131,stayed,stayed
356343,72,58.75,1,two_year,2,0.026,stayed,stayed
464563,6,22.24,1,monthly,2,0.082,churned,churned
864061,33,99.48,2,monthly,2,0.321,stayed,churned
281997,59,43.09,0,two_year,2,0.022,stayed,stayed
867077,50,20.99,0,monthly,2,0.01,stayed,stayed
277969,62,65.58,0,two_year,2,0.015,stayed,stayed
665582,3,91.22,1,one_year,2,0.263,stayed,stayed
819304,36,62.48,1,monthly,2,0.059,stayed,stayed
962796,2,55.14,0,monthly,2,0.182,stayed,stayed
272825,13,85.17,1,two_year,2,0.388,stayed,stayed
492285,61,34.61,2,monthly,2,0.067,stayed,stayed
569332,5,19.16,0,monthly,2,0.057,stayed,stayed
414605,42,78.43,2,two_year,2,0.104,churned,churned
898367,1,72.11,2,monthly,2,0.655,stayed,churned
985472,22,106.31,1,two_year,2,0.434,stayed,stayed
308059,68,60.42,1,one_year,2,0.032,stayed,stayed
096194,23,98.18,2,one_year,2,0.111,churned,churned
383949,22,19.83,3,monthly,2,0.08,stayed,churned
418217,6,20.78,1,one_year,2,0.144,stayed,stayed
985370,56,79.05,2,two_year,2,0.062,stayed,stayed
846483,12,41.08,0,monthly,2,0.298,stayed,stayed
299296,36,24.86,1,monthly,2,0.05,,stayed
361438,1,31.03,0,monthly,2,0.161,churned,churned
399857,1,56.22,2,monthly,2,0.217,churned,churned
901016,61,52.39,0,monthly,2,0.012,stayed,stayed
242269,0,75.51,1,two_year,2,0.28,churned,churned
534385,34,108.53,2,monthly,2,0.219,stayed,stayed
694765,31,55.3,0,monthly,2,0.064,stayed,stayed
707362,9,36.78,4,monthly,2,0.401,churned,churned
868577,47,76.96,2,monthly,2,0.13,stayed,stayed
463849,53,18.22,0,monthly,2,0.028,stayed,stayed
345142,71,57.25,3,monthly,2,0.02,stayed,stayed
748687,14,50.36,1,monthly,2,0.186,stayed,stayed
672063,67,57.51,2,one_year,2,0.044,stayed,stayed
748541,4,23.18,3,monthly,2,0.478,churned,churned
710115,10,74.53,0,monthly,2,0.191,stayed,stayed
430997,43,81.67,0,two_year,2,0.092,churned,churned
319928,63,94.45,0,one_year,2,0.029,stayed,stayed
337652,65,115.66,3,monthly,2,0.201,stayed,stayed
963544,54,54.18,1,two_year,2,0.053,stayed,stayed
661317,1,84.94,1,one_year,2,0.316,churned,churned
089942,30,63.09,1,monthly,2,0.095,churned,churned
081440,58,39.93,0,monthly,2,0.019,stayed,stayed
417566,38,108.71,1,monthly,2,0.26,stayed,stayed
347450,13,94.08,1,monthly,2,0.2,churned,churned
487526,49,114.16,1,monthly,2,0.233,churned,churned
624331,6,unknown,0,monthly,2,0.308,stayed,stayed
210125,50,111.58,0,two_year,2,0.265,stayed,stayed
786497,1,31.06,3,one_year,2,0.529,stayed,stayed
688935,26,19.6,2,monthly,2,0.069,stayed,churned
507078,21,38.26,0,monthly,2,0.054,stayed,stayed
965333,68,60.04,2,monthly,2,0.15,stayed,stayed
172521,53,88.14,0,monthly,2,0.085,stayed,stayed
846869,47,62.72,1,monthly,2,0.088,stayed,stayed
780217,36,70.36,1,monthly,2,0.088,stayed,stayed
848663,20,95.62,1,two_year,2,0.265,stayed,stayed
478782,62,25.2,0,monthly,2,0.02,stayed,stayed
292131,69,87.19,1,one_year,2,0.063,stayed,stayed
794545,15,22.97,1,one_year,2,0.063,stayed,stayed
094405,17,43.36,3,monthly,2,0.399,stayed,churned
646748,23,91.67,1,one_year,2,0.279,churned,stayed
810470,34,87.67,1,monthly,2,0.097,stayed,churned
505804,18,59.34,3,monthly,2,0.43,churned,stayed
459754,29,48.04,1,monthly,2,0.087,stayed,stayed
009056,71,102.47,2,two_year,2,0.117,stayed,stayed
670666,26,46.02,1,monthly,2,0.075,stayed,stayed
104982,68,21.18,1,two_year,2,0.016,stayed,stayed
641310,36,43.22,3,monthly,2,0.052,stayed,stayed
146036,24,20.16,1,monthly,2,0.085,stayed,stayed
999839,68,100.69,5,two_year,2,0.093,stayed,churned
753826,31,30.47,1,one_year,2,0.07,stayed,stayed
466716,56,117.34,2,monthly,2,0.042,stayed,stayed
439706,22,39.72,2,two_year,2,0.139,churned,churned
107335,72,49.22,1,one_year,2,0.029,stayed,stayed
205046,54,77.69,1,monthly,2,0.086,stayed,stayed
101628,64,49.44,0,one_year,2,0.037,stayed,stayed
165795,2,56.69,0,one_year,2,0.119,stayed,stayed
686533,7,28.63,1,monthly,2,0.308,stayed,churned
014616,4,57.69,1,one_year,2,0.479,churned,churned
908947,38,20.57,2,two_year,2,0.028,stayed,stayed
140265,29,40.84,0,one_year,2,0.038,stayed,stayed
866750,71,110.77,1,one_year,2,0.046,stayed,stayed
180398,17,46.64,3,two_year,2,0.247,stayed,stayed
477699,12,45.63,1,one_year,2,0.181,stayed,stayed
815504,61,87.28,2,monthly,2,0.02,stayed,stayed
806218,22,108.06,0,one_year,2,0.318,churned,churned
063091,54,48.18,4,one_year,2,0.087,stayed,churned
883806,21,56.39,0,one_year,2,0.061,stayed,stayed
131519,39,90.9,0,monthly,2,0.172,stayed,stayed
116693,5,98.8,2,monthly,2,0.466,churned,stayed
818381,48,80.61,0,monthly,2,0.117,stayed,churned
400253,66,36.26,2,two_year,2,0.036,stayed,stayed
985545,50,36.44,1,monthly,2,0.029,stayed,stayed
963066,64,95.31,1,monthly,2,0.12,stayed,stayed
249197,57,90.1,2,two_year,2,0.155,churned,churned
641548,41,109.42,0,monthly,2,0.103,stayed,stayed
163942,67,97.54,1,monthly,2,0.023,stayed,stayed
484969,34,60.96,1,monthly,2,0.074,stayed,stayed
342538,10,31.59,3,monthly,2,0.321,stayed,stayed
366911,40,108.83,1,one_year,2,0.165,stayed,stayed
988046,45,88.95,0,monthly,2,0.205,stayed,stayed
158538,12,76.79,1,monthly,2,0.302,churned,churned
660349,10,87.55,0,monthly,2,0.282,stayed,stayed
575914,48,57.28,1,monthly,2,0.07,stayed,stayed
880202,32,53.01,2,two_year,2,0.079,churned,churned
047591,35,76.69,0,monthly,2,0.088,stayed,stayed
331415,57,67.24,0,monthly,2,0.023,stayed,stayed
370493,50,90.31,2,one_year,2,0.035,stayed,stayed
963910,65,113.48,4,monthly,2,0.082,churned,churned
511328,12,104.42,1,monthly,2,0.5,stayed,churned
865012,55,57.52,0,monthly,2,0.024,stayed,stayed
192587,39,55.99,1,one_year,2,0.071,stayed,stayed
410156,2,112.54,0,monthly,2,0.245,churned,stayed
916009,5,58.25,2,monthly,2,0.251,churned,churned
604520,26,99.62,1,monthly,2,0.348,stayed,stayed
656434,46,27.46,3,monthly,2,0.07,stayed,stayed
111869,11,64.01,2,monthly,2,0.236,churned,churned
645803,39,70.66,0,two_year,2,0.165,stayed,stayed
548971,72,100.5,0,two_year,2,0.035,stayed,stayed
914257,10,107.52,2,two_year,2,0.459,stayed,churned
085183,10,33.57,2,monthly,2,0.323,stayed,stayed
225560,70,80.95,0,one_year,2,0.01,stayed,stayed
591084,17,82.17,0,one_year,2,0.249,stayed,churned
353944,63,unknown,1,one_year,2,0.01,stayed,stayed
113795,26,103.02,1,two_year,2,0.181,stayed,stayed
602085,55,74.45,0,monthly,2,0.029,stayed,stayed
935049,4,116.1,1,monthly,2,0.547,stayed,churned
271733,46,37.0,0,one_year,2,0.031,stayed,stayed
490571,63,71.55,1,monthly,2,0.049,stayed,stayed
641988,24,50.99,1,monthly,2,0.134,stayed,stayed
324474,46,83.53,2,two_year,2,0.264,stayed,stayed
447470,15,80.02,1,monthly,2,0.492,stayed,stayed
761670,11,70.27,2,two_year,2,0.423,stayed,stayed
169909,0,51.14,1,two_year,2,0.361,churned,churned
169441,36,69.4,1,monthly,2,0.088,stayed,stayed
539917,38,55.97,0,one_year,2,0.03,stayed,stayed
735454,5,108.86,4,monthly,2,0.791,stayed,churned
482478,16,65.08,1,monthly,2,0.203,stayed,stayed
415840,44,66.47,2,two_year,2,0.166,stayed,stayed
523895,26,44.37,1,two_year,2,0.035,stayed,stayed
743522,16,43.89,0,one_year,2,0.367,stayed,stayed
051237,0,115.3,1,monthly,2,0.374,churned,churned
027119,2,50.03,3,two_year,2,0.399,stayed,stayed
381725,46,106.57,3,one_year,2,0.387,stayed,stayed
489571,8,78.67,0,two_year,2,0.121,stayed,stayed
425043,61,118.01,1,one_year,2,0.078,stayed,stayed
357035,40,34.74,2,monthly,2,0.021,stayed,stayed
836924,18,114.04,0,one_year,2,0.154,stayed,stayed
844741,46,96.79,1,two_year,2,0.042,stayed,churned
132578,11,75.94,2,two_year,2,0.363,stayed,stayed
051002,23,90.3,2,one_year,2,0.346,churned,churned
067704,36,91.69,3,monthly,2,0.241,,churned
611514,46,63.74,0,two_year,2,0.099,stayed,stayed
161741,10,82.72,1,monthly,2,0.511,stayed,stayed
728777,25,41.31,2,monthly,2,0.132,stayed,stayed
344780,6,20.18,2,monthly,2,0.158,stayed,stayed
342938,9,87.0,0,monthly,2,0.234,stayed,churned
535723,16,66.39,2,two_year,2,0.216,stayed,stayed
673871,23,110.37,5,monthly,2,0.806,churned,churned
236277,66,44.93,3,two_year,2,0.05,stayed,stayed
170983,28,101.43,0,monthly,2,0.155,stayed,stayed
029593,7,118.61,1,one_year,2,0.476,churned,churned
880678,66,109.6,1,monthly,2,0.103,stayed,stayed
356532,41,116.37,1,monthly,2,0.167,stayed,stayed
828063,8,34.22,1,monthly,2,0.183,stayed,churned
022960,6,34.84,3,two_year,2,0.286,stayed,stayed
567549,6,41.29,3,monthly,2,0.514,stayed,stayed
520366,66,54.87,0,monthly,2,0.038,stayed,stayed
024556,40,29.77,2,one_year,2,0.028,stayed,stayed
805765,49,33.37,2,monthly,2,0.044,stayed,stayed
488865,70,19.88,1,monthly,2,0.018,stayed,stayed
219833,29,113.2,0,monthly,2,0.173,churned,churned
421539,66,54.83,1,two_year,2,0.043,stayed,stayed
804541,29,81.86,2,monthly,2,0.265,stayed,stayed
060019,51,64.36,1,monthly,2,0.08,stayed,stayed
474422,60,93.79,2,two_year,2,0.094,stayed,stayed
296316,4,100.23,1,two_year,2,0.495,churned,churned
558633,53,57.06,1,one_year,2,0.062,stayed,churned
579992,58,72.6,1,monthly,2,0.022,stayed,stayed
482326,70,27.94,1,two_year,2,0.01,stayed,stayed
574801,49,47.12,0,monthly,2,0.017,stayed,stayed
448503,35,40.72,1,monthly,2,0.166,stayed,stayed
580972,10,49.47,2,monthly,2,0.284,stayed,stayed
424583,56,51.09,1,monthly,2,0.046,stayed,stayed
471923,33,76.65,1,monthly,2,0.15,churned,churned
348323,58,51.94,2,two_year,2,0.036,stayed,stayed
014094,3,51.34,0,monthly,2,0.125,stayed,stayed
819738,25,102.79,2,two_year,2,0.468,churned,churned
776830,58,19.24,1,monthly,2,0.015,stayed,stayed
791426,44,18.54,1,one_year,2,0.077,stayed,churned
746047,52,23.83,2,monthly,2,0.04,stayed,stayed
126182,43,106.29,2,monthly,2,0.225,stayed,stayed
845819,58,82.64,2,monthly,2,0.076,stayed,stayed
581728,60,92.25,2,monthly,2,0.091,stayed,stayed
637208,55,115.68,3,monthly,2,0.229,stayed,stayed
886795,48,40.24,4,one_year,2,0.233,stayed,stayed
885269,19,111.84,3,two_year,2,0.823,stayed,stayed
977779,5,42.75,1,monthly,2,0.11,stayed,churned
951286,57,70.92,0,monthly,2,0.043,stayed,stayed
253993,25,87.47,4,monthly,2,0.545,churned,churned
848380,18,99.32,1,two_year,2,0.21,stayed,stayed
627078,0,43.31,1,one_year,2,0.173,churned,churned
558702,10,66.66,1,one_year,2,0.2,stayed,NA
338743,2,22.65,0,one_year,2,0.03,stayed,stayed
890335,28,47.36,1,monthly,2,0.139,stayed,stayed
458455,21,118.06,1,two_year,2,0.365,stayed,stayed
525117,36,110.32,1,two_year,2,0.208,stayed,stayed
655533,41,77.37,0,one_year,2,0.08,stayed,stayed
929634,20,98.22,2,monthly,2,0.406,churned,churned
626238,39,110.03,2,monthly,2,0.584,stayed,stayed
323459,44,51.85,1,monthly,2,0.065,stayed,stayed
229065,49,118.01,2,monthly,2,0.312,stayed,stayed
016917,43,63.75,1,monthly,2,0.057,stayed,churned
973388,2,34.21,1,two_year,2,0.227,churned,churned
655653,17,72.07,1,monthly,2,0.187,stayed,stayed
940660,57,78.55,1,monthly,2,0.055,stayed,stayed
172826,45,88.67,0,monthly,2,0.049,stayed,stayed
175713,21,86.44,1,monthly,2,0.162,stayed,stayed
787063,26,22.23,3,one_year,2,0.159,stayed,stayed
637093,67,83.18,1,monthly,2,0.068,stayed,stayed
914654,53,112.01,0,two_year,2,0.12,stayed,churned
413637,27,86.35,1,one_year,2,0.142,churned,churned
178494,21,117.47,2,two_year,2,0.502,stayed,stayed
506537,9,70.17,3,two_year,2,0.139,stayed,stayed
216914,58,100.64,0,monthly,2,0.106,stayed,churned
751243,45,32.31,1,monthly,2,0.038,stayed,stayed
225510,30,109.35,2,monthly,2,0.368,stayed,stayed
374977,50,62.52,0,monthly,2,0.08,stayed,stayed
861119,40,107.42,0,one_year,2,0.109,stayed,stayed
867915,38,50.72,3,monthly,2,0.219,stayed,stayed
066712,49,81.68,0,one_year,2,0.048,stayed,stayed
380990,55,104.35,0,monthly,2,0.102,stayed,stayed
894558,37,90.56,0,monthly,2,0.091,stayed,stayed
397498,30,81.23,0,one_year,2,0.144,stayed,stayed
546015,18,117.01,2,monthly,2,0.691,,stayed
306317,22,26.98,2,monthly,2,0.082,stayed,churned
340776,71,28.4,2,monthly,2,0.013,stayed,stayed
382417,13,74.26,2,two_year,2,0.285,stayed,stayed
430210,7,115.38,2,one_year,2,0.628,churned,churned
686799,45,88.02,0,monthly,2,0.316,stayed,stayed
129961,23,49.58,2,monthly,2,0.123,stayed,stayed
689926,6,28.99,3,monthly,2,0.098,stayed,stayed
145613,40,63.73,1,monthly,2,0.06,stayed,stayed
451175,54,66.99,0,one_year,2,0.015,stayed,stayed
930623,2,65.76,0,monthly,2,0.185,stayed,stayed
143045,35,81.17,1,two_year,2,0.142,stayed,stayed
617059,11,45.83,0,two_year,2,0.077,stayed,stayed
310984,41,107.8,2,one_year,2,0.171,stayed,stayed
426769,58,47.41,5,monthly,2,0.042,stayed,stayed
364191,58,28.92,1,one_year,2,0.025,stayed,stayed
662325,57,53.59,2,monthly,2,0.034,stayed,stayed
762601,21,113.44,1,one_year,2,0.513,stayed,stayed
473468,46,34.26,3,two_year,2,0.135,stayed,churned
156111,47,46.32,1,one_year,2,0.029,stayed,stayed
271248,65,112.51,1,monthly,2,0.069,stayed,stayed
860620,50,53.5,1,one_year,2,0.051,stayed,stayed
289107,55,104.0,2,two_year,2,0.207,stayed,churned
134787,7,22.63,1,monthly,2,0.054,stayed,stayed
775666,21,108.63,1,two_year,2,0.323,churned,churned
721754,26,unknown,1,monthly,2,0.249,stayed,churned
746068,47,36.42,1,monthly,2,0.038,stayed,stayed
141495,63,93.71,3,one_year,2,0.137,stayed,stayed
240708,24,118.93,0,one_year,2,0.277,stayed,stayed
356802,36,115.85,0,monthly,2,0.098,stayed,stayed
698508,54,94.74,0,monthly,2,0.112,stayed,stayed
368521,14,111.26,0,one_year,2,0.366,stayed,churned
317913,28,118.68,0,monthly,2,0.264,stayed,stayed
021824,14,74.38,1,monthly,2,0.34,stayed,stayed
953708,11,32.75,1,monthly,2,0.208,stayed,stayed
874728,50,104.64,0,one_year,2,0.032,stayed,stayed
588378,63,58.38,1,monthly,2,0.044,stayed,stayed
581833,10,49.89,1,one_year,2,0.145,churned,churned
116639,50,69.09,2,one_year,2,0.1,stayed,stayed
432727,50,21.56,0,one_year,2,0.012,stayed,churned
233869,54,19.91,1,two_year,2,0.013,stayed,churned
077248,51,44.96,0,monthly,2,0.05,stayed,stayed
365941,40,78.78,3,one_year,2,0.206,stayed,stayed
782967,8,94.44,0,monthly,2,0.274,stayed,churned
955616,57,115.63,0,monthly,2,0.075,stayed,stayed
175305,14,101.45,0,monthly,2,0.299,stayed,churned
277000,32,113.99,2,monthly,2,0.336,stayed,stayed
929638,69,82.91,0,monthly,2,0.01,stayed,stayed
330520,41,92.86,0,monthly,2,0.064,stayed,stayed
795866,21,77.91,1,one_year,2,0.191,stayed,stayed
712864,4,26.31,5,two_year,2,0.549,stayed,stayed
694830,18,24.31,1,monthly,2,0.193,stayed,stayed
538798,40,95.53,1,monthly,2,0.094,churned,churned
385878,62,38.64,1,monthly,2,0.072,stayed,stayed
882259,59,98.56,0,monthly,2,0.063,stayed,stayed
769728,15,65.33,2,monthly,2,0.34,stayed,churned
228456,51,18.71,1,one_year,2,0.018,stayed,stayed
225002,47,75.28,3,monthly,2,0.114,,stayed
141813,58,63.19,4,two_year,2,0.24,stayed,stayed
726158,36,25.54,0,one_year,2,0.032,stayed,stayed
730823,36,44.63,1,one_year,2,0.068,stayed,stayed
728298,30,49.28,2,monthly,2,0.236,stayed,stayed
848468,64,53.26,1,monthly,2,0.078,stayed,stayed
332563,38,90.1,2,two_year,2,0.093,stayed,stayed
402434,7,35.06,2,one_year,2,0.207,stayed,stayed
124600,36,63.22,0,two_year,2,0.073,stayed,stayed
308945,63,79.9,3,monthly,2,0.244,stayed,stayed
